priod_Desc,visited_country,colorName,color_number,sum_arrived,sum_positived,percent_positive,last_update_date
year,ארצות הברית,כתום,2,288890,1735,0.6,2021-10-10T00:00:00.000Z
year,קמבודיה,כתום,2,16,0,0,2021-10-10T00:00:00.000Z
year,קולומביה,כתום,2,851,8,0.94,2021-10-10T00:00:00.000Z
year,הונגריה,כתום,2,37355,214,0.57,2021-10-10T00:00:00.000Z
year,מקאו,כתום,2,16,0,0,2021-10-10T00:00:00.000Z
year,תורכיה,כתום,2,98980,1422,1.44,2021-10-10T00:00:00.000Z
year,אפגניסטן,כתום,2,7,0,0,2021-10-10T00:00:00.000Z
year,ליבריה,כתום,2,24,0,0,2021-10-10T00:00:00.000Z
year,פינלנד,כתום,2,2552,8,0.31,2021-10-10T00:00:00.000Z
year,מרוקו,כתום,2,2527,60,2.37,2021-10-10T00:00:00.000Z
year,רוסיה,כתום,2,27398,336,1.23,2021-10-10T00:00:00.000Z
year,קרואטיה,כתום,2,2501,40,1.6,2021-10-10T00:00:00.000Z
year,אוסטריה,צהוב,3,59275,230,0.39,2021-10-10T00:00:00.000Z
year,עירק,כתום,2,101,1,0.99,2021-10-10T00:00:00.000Z
year,סרביה,כתום,2,4956,43,0.87,2021-10-10T00:00:00.000Z
year,לוב,כתום,2,4,0,0,2021-10-10T00:00:00.000Z
year,קונגו,כתום,2,34,2,5.88,2021-10-10T00:00:00.000Z
year,זימבאבווה,כתום,2,92,0,0,2021-10-10T00:00:00.000Z
year,ארגנטינה,כתום,2,1142,5,0.44,2021-10-10T00:00:00.000Z
year,קירג'זסטאן,כתום,2,526,33,6.27,2021-10-10T00:00:00.000Z
year,קמרון,כתום,2,92,4,4.35,2021-10-10T00:00:00.000Z
year,מאוריציוס,כתום,2,42,0,0,2021-10-10T00:00:00.000Z
year,בנגלדש,כתום,2,3,0,0,2021-10-10T00:00:00.000Z
year,פרגוואי,כתום,2,155,1,0.65,2021-10-10T00:00:00.000Z
year,אנגולה,כתום,2,211,1,0.47,2021-10-10T00:00:00.000Z
year,איי נורפולק,כתום,2,2,0,0,2021-10-10T00:00:00.000Z
year,טיוואן,צהוב,3,181,0,0,2021-10-10T00:00:00.000Z
year,פלאו,כתום,2,1,0,0,2021-10-10T00:00:00.000Z
year,נמיביה,כתום,2,112,0,0,2021-10-10T00:00:00.000Z
year,מצרים,כתום,2,118412,609,0.51,2021-10-10T00:00:00.000Z
year,גווטאמלה,כתום,2,300,12,4,2021-10-10T00:00:00.000Z
year,בילורוסיה,כתום,2,8597,80,0.93,2021-10-10T00:00:00.000Z
year,יוון,כתום,2,201478,1067,0.53,2021-10-10T00:00:00.000Z
year,ברזיל,כתום,2,936,6,0.64,2021-10-10T00:00:00.000Z
year,אנדורה,כתום,2,19,0,0,2021-10-10T00:00:00.000Z
year,אינדונזיה,כתום,2,50,0,0,2021-10-10T00:00:00.000Z
year,נורבגיה,כתום,2,538,3,0.56,2021-10-10T00:00:00.000Z
year,סנגל,כתום,2,73,0,0,2021-10-10T00:00:00.000Z
year,צרפת,כתום,2,91791,425,0.46,2021-10-10T00:00:00.000Z
year,מקדוניה,כתום,2,162,1,0.62,2021-10-10T00:00:00.000Z
year,ניגר,כתום,2,12,0,0,2021-10-10T00:00:00.000Z
year,סלובניה,כתום,2,1550,7,0.45,2021-10-10T00:00:00.000Z
year,קזחסטאן,כתום,2,788,27,3.43,2021-10-10T00:00:00.000Z
year,בוטסואנה,כתום,2,128,0,0,2021-10-10T00:00:00.000Z
year,צכיה,צהוב,3,33450,196,0.59,2021-10-10T00:00:00.000Z
year,פאפואה,כתום,2,13,0,0,2021-10-10T00:00:00.000Z
year,גבון,צהוב,3,29,0,0,2021-10-10T00:00:00.000Z
year,איי סיישל,כתום,2,5524,10,0.18,2021-10-10T00:00:00.000Z
year,גואם,כתום,2,1,0,0,2021-10-10T00:00:00.000Z
year,סינגפור,כתום,2,472,2,0.42,2021-10-10T00:00:00.000Z
year,אריתראה,כתום,2,4,0,0,2021-10-10T00:00:00.000Z
year,אלבניה,כתום,2,1665,7,0.42,2021-10-10T00:00:00.000Z
year,אירלנד,כתום,2,1129,0,0,2021-10-10T00:00:00.000Z
year,איי קוק,כתום,2,3,0,0,2021-10-10T00:00:00.000Z
year,כווית,כתום,2,7,0,0,2021-10-10T00:00:00.000Z
year,אתיופיה,כתום,2,3688,42,1.14,2021-10-10T00:00:00.000Z
year,האיטי,כתום,2,3,0,0,2021-10-10T00:00:00.000Z
year,איטליה,כתום,2,57183,146,0.26,2021-10-10T00:00:00.000Z
year,בנין (דהומי),כתום,2,5,0,0,2021-10-10T00:00:00.000Z
UpToNow,סווזילנד,כתום,2,10,0,0,2021-10-10T00:00:00.000Z
UpToNow,מזרח טימור,כתום,2,2,0,0,2021-10-10T00:00:00.000Z
UpToNow,מונטנגרו,כתום,2,10309,72,0.7,2021-10-10T00:00:00.000Z
UpToNow,דרום סודאן,כתום,2,39,0,0,2021-10-10T00:00:00.000Z
UpToNow,לבנון,כתום,2,162,0,0,2021-10-10T00:00:00.000Z
UpToNow,ברבדוס,כתום,2,10,0,0,2021-10-10T00:00:00.000Z
UpToNow,ליטא,כתום,2,3819,11,0.29,2021-10-10T00:00:00.000Z
UpToNow,שוודיה,כתום,2,2148,7,0.33,2021-10-10T00:00:00.000Z
UpToNow,בולגריה,כתום,2,34200,488,1.43,2021-10-10T00:00:00.000Z
UpToNow,סין,צהוב,3,2221,3,0.14,2021-10-10T00:00:00.000Z
UpToNow,דנמרק,כתום,2,4270,14,0.33,2021-10-10T00:00:00.000Z
UpToNow,קובה,כתום,2,44,1,2.27,2021-10-10T00:00:00.000Z
UpToNow,קטר,כתום,2,114,0,0,2021-10-10T00:00:00.000Z
UpToNow,סודן,כתום,2,7,0,0,2021-10-10T00:00:00.000Z
UpToNow,גינאה,כתום,2,28,2,7.14,2021-10-10T00:00:00.000Z
UpToNow,סן מרינו,כתום,2,9,0,0,2021-10-10T00:00:00.000Z
UpToNow,אוקראינה,כתום,2,82435,3734,4.53,2021-10-10T00:00:00.000Z
UpToNow,סמואה,כתום,2,1,0,0,2021-10-10T00:00:00.000Z
UpToNow,גמייקה,כתום,2,41,1,2.44,2021-10-10T00:00:00.000Z
UpToNow,תוניסיה,כתום,2,147,11,7.48,2021-10-10T00:00:00.000Z
UpToNow,הודו,כתום,2,2268,15,0.66,2021-10-10T00:00:00.000Z
UpToNow,ערב הסעודית,כתום,2,180,1,0.56,2021-10-10T00:00:00.000Z
UpToNow,עומן,כתום,2,11,0,0,2021-10-10T00:00:00.000Z
UpToNow,טנזניה,כתום,2,3627,55,1.52,2021-10-10T00:00:00.000Z
UpToNow,בליז,כתום,2,13,1,7.69,2021-10-10T00:00:00.000Z
UpToNow,מלזיה,כתום,2,6,0,0,2021-10-10T00:00:00.000Z
UpToNow,קוסטה ריקה,כתום,2,2260,32,1.42,2021-10-10T00:00:00.000Z
UpToNow,אל סלבדור,כתום,2,42,0,0,2021-10-10T00:00:00.000Z
UpToNow,הולנד,כתום,2,27661,132,0.48,2021-10-10T00:00:00.000Z
UpToNow,ניו זילנד,צהוב,3,95,1,1.05,2021-10-10T00:00:00.000Z
UpToNow,נפאל,כתום,2,120,1,0.83,2021-10-10T00:00:00.000Z
UpToNow,גרנדה,כתום,2,26,0,0,2021-10-10T00:00:00.000Z
UpToNow,זמביה,כתום,2,227,1,0.44,2021-10-10T00:00:00.000Z
UpToNow,מולדובה,כתום,2,12100,179,1.48,2021-10-10T00:00:00.000Z
UpToNow,מרטיניק,כתום,2,3,0,0,2021-10-10T00:00:00.000Z
UpToNow,ונצואלה,כתום,2,181,3,1.66,2021-10-10T00:00:00.000Z
UpToNow,פנמה,כתום,2,1238,14,1.13,2021-10-10T00:00:00.000Z
UpToNow,רומניה,כתום,2,40461,352,0.87,2021-10-10T00:00:00.000Z
UpToNow,שוויץ,כתום,2,36819,163,0.44,2021-10-10T00:00:00.000Z
UpToNow,איסלנד,כתום,2,7584,50,0.66,2021-10-10T00:00:00.000Z
UpToNow,איי מרשל,כתום,2,1,0,0,2021-10-10T00:00:00.000Z
UpToNow,קנדה,כתום,2,15644,33,0.21,2021-10-10T00:00:00.000Z
UpToNow,קוסובו,כתום,2,68,0,0,2021-10-10T00:00:00.000Z
UpToNow,קניה,כתום,2,1024,17,1.66,2021-10-10T00:00:00.000Z
UpToNow,גיבוטי,כתום,2,1,0,0,2021-10-10T00:00:00.000Z
UpToNow,צאד,כתום,2,17,0,0,2021-10-10T00:00:00.000Z
UpToNow,ונואטו,כתום,2,2,0,0,2021-10-10T00:00:00.000Z
UpToNow,ירדן,כתום,2,32066,187,0.58,2021-10-10T00:00:00.000Z
UpToNow,ויטנאם,כתום,2,78,0,0,2021-10-10T00:00:00.000Z
UpToNow,בלגיה,כתום,2,12835,51,0.4,2021-10-10T00:00:00.000Z
UpToNow,סוריה,כתום,2,531,0,0,2021-10-10T00:00:00.000Z
UpToNow,אירן,כתום,2,3,0,0,2021-10-10T00:00:00.000Z
UpToNow,מלדיבים,כתום,2,4786,25,0.52,2021-10-10T00:00:00.000Z
UpToNow,מוזמביק,כתום,2,90,0,0,2021-10-10T00:00:00.000Z
UpToNow,לאוס,כתום,2,2,0,0,2021-10-10T00:00:00.000Z
UpToNow,חוף השנהב,כתום,2,233,4,1.72,2021-10-10T00:00:00.000Z
UpToNow,פורטוגל,כתום,2,7070,25,0.35,2021-10-10T00:00:00.000Z
UpToNow,ניקרגואה,כתום,2,25,0,0,2021-10-10T00:00:00.000Z
UpToNow,מלטה,כתום,2,293,0,0,2021-10-10T00:00:00.000Z
UpToNow,אקואדור,כתום,2,285,2,0.7,2021-10-10T00:00:00.000Z
UpToNow,פורטו ריקו,כתום,2,34,0,0,2021-10-10T00:00:00.000Z
UpToNow,מונגוליה,כתום,2,11,0,0,2021-10-10T00:00:00.000Z
UpToNow,קפריסין,צהוב,3,56309,244,0.43,2021-10-10T00:00:00.000Z
UpToNow,גמביה,כתום,2,15,0,0,2021-10-10T00:00:00.000Z
UpToNow,רואנדה,כתום,2,336,2,0.6,2021-10-10T00:00:00.000Z
UpToNow,אנגליה,כתום,2,1,0,0,2021-10-10T00:00:00.000Z
UpToNow,ראוניון,כתום,2,9,0,0,2021-10-10T00:00:00.000Z
UpToNow,הונדורס,כתום,2,71,0,0,2021-10-10T00:00:00.000Z
UpToNow,סט וינסנט,כתום,2,9,1,11.11,2021-10-10T00:00:00.000Z
UpToNow,יפן,כתום,2,646,3,0.46,2021-10-10T00:00:00.000Z
UpToNow,פיליפינים,כתום,2,1494,18,1.2,2021-10-10T00:00:00.000Z
UpToNow,בהמס,כתום,2,42,0,0,2021-10-10T00:00:00.000Z
UpToNow,לטביה,כתום,2,2213,3,0.14,2021-10-10T00:00:00.000Z
UpToNow,בוליביה,כתום,2,87,0,0,2021-10-10T00:00:00.000Z
UpToNow,טג'יקיסטאן,כתום,2,70,0,0,2021-10-10T00:00:00.000Z
UpToNow,טונגה,כתום,2,2,0,0,2021-10-10T00:00:00.000Z
UpToNow,ברמודה,כתום,2,5,0,0,2021-10-10T00:00:00.000Z
UpToNow,זאיר,כתום,2,146,1,0.68,2021-10-10T00:00:00.000Z
UpToNow,ספרד,כתום,2,20872,190,0.91,2021-10-10T00:00:00.000Z
UpToNow,איי פיגי,כתום,2,4,0,0,2021-10-10T00:00:00.000Z
UpToNow,מאלי,כתום,2,161,7,4.35,2021-10-10T00:00:00.000Z
UpToNow,איי הבתולה,כתום,2,6,0,0,2021-10-10T00:00:00.000Z
UpToNow,גאורגיה,כתום,2,55540,320,0.58,2021-10-10T00:00:00.000Z
UpToNow,תימן,כתום,2,7,0,0,2021-10-10T00:00:00.000Z
UpToNow,אסטוניה,כתום,2,777,5,0.64,2021-10-10T00:00:00.000Z
UpToNow,סומליה,כתום,2,4,0,0,2021-10-10T00:00:00.000Z
UpToNow,לוכסמבורג,כתום,2,186,0,0,2021-10-10T00:00:00.000Z
UpToNow,פקיסטן,כתום,2,3,0,0,2021-10-10T00:00:00.000Z
UpToNow,אזרביג'אן,כתום,2,3977,40,1.01,2021-10-10T00:00:00.000Z
UpToNow,הונג קונג,צהוב,3,423,2,0.47,2021-10-10T00:00:00.000Z
UpToNow,מונקו,כתום,2,109,4,3.67,2021-10-10T00:00:00.000Z
UpToNow,ברוניי,כתום,2,1,0,0,2021-10-10T00:00:00.000Z
UpToNow,סלובקיה,צהוב,3,1507,4,0.27,2021-10-10T00:00:00.000Z
UpToNow,לסוטו,כתום,2,15,0,0,2021-10-10T00:00:00.000Z
UpToNow,מקסיקו,כתום,2,1050,14,1.33,2021-10-10T00:00:00.000Z
UpToNow,איי קיימן,כתום,2,2,0,0,2021-10-10T00:00:00.000Z
UpToNow,אוסטרליה,כתום,2,1014,2,0.2,2021-10-10T00:00:00.000Z
UpToNow,פולין,צהוב,3,21826,98,0.45,2021-10-10T00:00:00.000Z
UpToNow,מדגסקר,כתום,2,7,0,0,2021-10-10T00:00:00.000Z
UpToNow,סט. לוציה,כתום,2,1,0,0,2021-10-10T00:00:00.000Z
UpToNow,בחריין,צהוב,3,240,0,0,2021-10-10T00:00:00.000Z
UpToNow,אלגיריה,כתום,2,9,0,0,2021-10-10T00:00:00.000Z
UpToNow,גיברלטר,כתום,2,104,0,0,2021-10-10T00:00:00.000Z
UpToNow,ארמניה,כתום,2,1230,15,1.22,2021-10-10T00:00:00.000Z
UpToNow,אורגוואי,צהוב,3,436,3,0.69,2021-10-10T00:00:00.000Z
UpToNow,גאנה,כתום,2,605,7,1.16,2021-10-10T00:00:00.000Z
UpToNow,גרמניה,כתום,2,64350,171,0.27,2021-10-10T00:00:00.000Z
UpToNow,צ'ילה,כתום,2,252,0,0,2021-10-10T00:00:00.000Z
UpToNow,קיריבטי,כתום,2,5,0,0,2021-10-10T00:00:00.000Z
UpToNow,סורינם,כתום,2,4,0,0,2021-10-10T00:00:00.000Z
UpToNow,גויאנה,כתום,2,6,0,0,2021-10-10T00:00:00.000Z
UpToNow,טוגו,כתום,2,80,0,0,2021-10-10T00:00:00.000Z
UpToNow,אבחזיסטאן,כתום,2,50,1,2,2021-10-10T00:00:00.000Z
UpToNow,אוגנדה,כתום,2,355,6,1.69,2021-10-10T00:00:00.000Z
UpToNow,דומיניקה,כתום,2,44,0,0,2021-10-10T00:00:00.000Z
UpToNow,טובלו,כתום,2,2,0,0,2021-10-10T00:00:00.000Z
UpToNow,ניגריה,כתום,2,790,5,0.63,2021-10-10T00:00:00.000Z
UpToNow,מלאווי,כתום,2,208,0,0,2021-10-10T00:00:00.000Z
UpToNow,בורונדי,כתום,2,10,0,0,2021-10-10T00:00:00.000Z
UpToNow,אוזבקיסטן,כתום,2,2449,104,4.25,2021-10-10T00:00:00.000Z
UpToNow,פרו,כתום,2,822,18,2.19,2021-10-10T00:00:00.000Z
UpToNow,תאילנד,כתום,2,6775,16,0.24,2021-10-10T00:00:00.000Z
UpToNow,קמבודיה,כתום,2,16,0,0,2021-10-10T00:00:00.000Z
UpToNow,קולומביה,כתום,2,851,8,0.94,2021-10-10T00:00:00.000Z
UpToNow,הונגריה,כתום,2,37355,214,0.57,2021-10-10T00:00:00.000Z
UpToNow,מקאו,כתום,2,16,0,0,2021-10-10T00:00:00.000Z
UpToNow,תורכיה,כתום,2,98980,1422,1.44,2021-10-10T00:00:00.000Z
UpToNow,אפגניסטן,כתום,2,7,0,0,2021-10-10T00:00:00.000Z
UpToNow,ליבריה,כתום,2,24,0,0,2021-10-10T00:00:00.000Z
UpToNow,פינלנד,כתום,2,2552,8,0.31,2021-10-10T00:00:00.000Z
UpToNow,מרוקו,כתום,2,2527,60,2.37,2021-10-10T00:00:00.000Z
UpToNow,רוסיה,כתום,2,27398,336,1.23,2021-10-10T00:00:00.000Z
UpToNow,קרואטיה,כתום,2,2501,40,1.6,2021-10-10T00:00:00.000Z
UpToNow,אוסטריה,צהוב,3,59275,230,0.39,2021-10-10T00:00:00.000Z
UpToNow,עירק,כתום,2,101,1,0.99,2021-10-10T00:00:00.000Z
UpToNow,סרביה,כתום,2,4956,43,0.87,2021-10-10T00:00:00.000Z
UpToNow,לוב,כתום,2,4,0,0,2021-10-10T00:00:00.000Z
UpToNow,קונגו,כתום,2,34,2,5.88,2021-10-10T00:00:00.000Z
UpToNow,זימבאבווה,כתום,2,92,0,0,2021-10-10T00:00:00.000Z
UpToNow,ארגנטינה,כתום,2,1142,5,0.44,2021-10-10T00:00:00.000Z
UpToNow,קירג'זסטאן,כתום,2,526,33,6.27,2021-10-10T00:00:00.000Z
UpToNow,קמרון,כתום,2,92,4,4.35,2021-10-10T00:00:00.000Z
UpToNow,מאוריציוס,כתום,2,42,0,0,2021-10-10T00:00:00.000Z
UpToNow,בנגלדש,כתום,2,3,0,0,2021-10-10T00:00:00.000Z
UpToNow,פרגוואי,כתום,2,155,1,0.65,2021-10-10T00:00:00.000Z
UpToNow,אנגולה,כתום,2,211,1,0.47,2021-10-10T00:00:00.000Z
UpToNow,טיוואן,צהוב,3,181,0,0,2021-10-10T00:00:00.000Z
UpToNow,פלאו,כתום,2,1,0,0,2021-10-10T00:00:00.000Z
UpToNow,נמיביה,כתום,2,112,0,0,2021-10-10T00:00:00.000Z
UpToNow,מצרים,כתום,2,118412,609,0.51,2021-10-10T00:00:00.000Z
UpToNow,גווטאמלה,כתום,2,300,12,4,2021-10-10T00:00:00.000Z
UpToNow,בילורוסיה,כתום,2,8597,80,0.93,2021-10-10T00:00:00.000Z
UpToNow,יוון,כתום,2,201478,1067,0.53,2021-10-10T00:00:00.000Z
UpToNow,ברזיל,כתום,2,936,6,0.64,2021-10-10T00:00:00.000Z
UpToNow,אנדורה,כתום,2,19,0,0,2021-10-10T00:00:00.000Z
UpToNow,אינדונזיה,כתום,2,50,0,0,2021-10-10T00:00:00.000Z
UpToNow,נורבגיה,כתום,2,538,3,0.56,2021-10-10T00:00:00.000Z
UpToNow,סנגל,כתום,2,73,0,0,2021-10-10T00:00:00.000Z
UpToNow,צרפת,כתום,2,91791,425,0.46,2021-10-10T00:00:00.000Z
UpToNow,מקדוניה,כתום,2,162,1,0.62,2021-10-10T00:00:00.000Z
UpToNow,ניגר,כתום,2,12,0,0,2021-10-10T00:00:00.000Z
UpToNow,סלובניה,כתום,2,1550,7,0.45,2021-10-10T00:00:00.000Z
UpToNow,קזחסטאן,כתום,2,788,27,3.43,2021-10-10T00:00:00.000Z
UpToNow,בוטסואנה,כתום,2,128,0,0,2021-10-10T00:00:00.000Z
UpToNow,צכיה,צהוב,3,33450,196,0.59,2021-10-10T00:00:00.000Z
UpToNow,פאפואה,כתום,2,13,0,0,2021-10-10T00:00:00.000Z
UpToNow,גבון,צהוב,3,29,0,0,2021-10-10T00:00:00.000Z
UpToNow,איי סיישל,כתום,2,5524,10,0.18,2021-10-10T00:00:00.000Z
UpToNow,גואם,כתום,2,1,0,0,2021-10-10T00:00:00.000Z
UpToNow,סינגפור,כתום,2,472,2,0.42,2021-10-10T00:00:00.000Z
UpToNow,אריתראה,כתום,2,4,0,0,2021-10-10T00:00:00.000Z
UpToNow,אלבניה,כתום,2,1665,7,0.42,2021-10-10T00:00:00.000Z
UpToNow,אירלנד,כתום,2,1129,0,0,2021-10-10T00:00:00.000Z
UpToNow,איי קוק,כתום,2,3,0,0,2021-10-10T00:00:00.000Z
UpToNow,כווית,כתום,2,7,0,0,2021-10-10T00:00:00.000Z
UpToNow,אתיופיה,כתום,2,3688,42,1.14,2021-10-10T00:00:00.000Z
UpToNow,האיטי,כתום,2,3,0,0,2021-10-10T00:00:00.000Z
UpToNow,איטליה,כתום,2,57183,146,0.26,2021-10-10T00:00:00.000Z
LastMonth,מונטנגרו,כתום,2,2836,7,0.25,2021-10-10T00:00:00.000Z
LastMonth,לבנון,כתום,2,19,0,0,2021-10-10T00:00:00.000Z
LastMonth,ברבדוס,כתום,2,2,0,0,2021-10-10T00:00:00.000Z
LastMonth,ליטא,כתום,2,1155,1,0.09,2021-10-10T00:00:00.000Z
LastMonth,שוודיה,כתום,2,376,0,0,2021-10-10T00:00:00.000Z
LastMonth,בולגריה,כתום,2,614,4,0.65,2021-10-10T00:00:00.000Z
LastMonth,סין,צהוב,3,337,0,0,2021-10-10T00:00:00.000Z
LastMonth,דנמרק,כתום,2,1557,3,0.19,2021-10-10T00:00:00.000Z
LastMonth,קובה,כתום,2,7,1,14.29,2021-10-10T00:00:00.000Z
LastMonth,קטר,כתום,2,20,0,0,2021-10-10T00:00:00.000Z
LastMonth,גינאה,כתום,2,5,0,0,2021-10-10T00:00:00.000Z
LastMonth,סן מרינו,כתום,2,2,0,0,2021-10-10T00:00:00.000Z
LastMonth,אוקראינה,כתום,2,25538,1775,6.95,2021-10-10T00:00:00.000Z
LastMonth,גמייקה,כתום,2,9,1,11.11,2021-10-10T00:00:00.000Z
LastMonth,תוניסיה,כתום,2,31,0,0,2021-10-10T00:00:00.000Z
LastMonth,הודו,כתום,2,745,1,0.13,2021-10-10T00:00:00.000Z
LastMonth,עומן,כתום,2,2,0,0,2021-10-10T00:00:00.000Z
LastMonth,טנזניה,כתום,2,943,2,0.21,2021-10-10T00:00:00.000Z
LastMonth,מלזיה,כתום,2,2,0,0,2021-10-10T00:00:00.000Z
LastMonth,הולנד,כתום,2,5910,15,0.25,2021-10-10T00:00:00.000Z
LastMonth,נפאל,כתום,2,34,1,2.94,2021-10-10T00:00:00.000Z
LastMonth,גרנדה,כתום,2,5,0,0,2021-10-10T00:00:00.000Z
LastMonth,זמביה,כתום,2,31,0,0,2021-10-10T00:00:00.000Z
LastMonth,מולדובה,כתום,2,2492,53,2.13,2021-10-10T00:00:00.000Z
LastMonth,ונצואלה,כתום,2,32,0,0,2021-10-10T00:00:00.000Z
LastMonth,פנמה,כתום,2,475,11,2.32,2021-10-10T00:00:00.000Z
LastMonth,רומניה,כתום,2,11124,77,0.69,2021-10-10T00:00:00.000Z
LastMonth,איסלנד,כתום,2,1388,1,0.07,2021-10-10T00:00:00.000Z
LastMonth,שוויץ,כתום,2,8837,35,0.4,2021-10-10T00:00:00.000Z
LastMonth,קנדה,כתום,2,5776,9,0.16,2021-10-10T00:00:00.000Z
LastMonth,קוסובו,כתום,2,22,0,0,2021-10-10T00:00:00.000Z
LastMonth,קניה,כתום,2,202,1,0.5,2021-10-10T00:00:00.000Z
LastMonth,צאד,כתום,2,3,0,0,2021-10-10T00:00:00.000Z
LastMonth,ירדן,כתום,2,6238,37,0.59,2021-10-10T00:00:00.000Z
LastMonth,ויטנאם,כתום,2,15,0,0,2021-10-10T00:00:00.000Z
LastMonth,בלגיה,כתום,2,2842,14,0.49,2021-10-10T00:00:00.000Z
LastMonth,סוריה,כתום,2,43,0,0,2021-10-10T00:00:00.000Z
LastMonth,אירן,כתום,2,2,0,0,2021-10-10T00:00:00.000Z
LastMonth,מלדיבים,כתום,2,1808,1,0.06,2021-10-10T00:00:00.000Z
LastMonth,מוזמביק,כתום,2,30,0,0,2021-10-10T00:00:00.000Z
LastMonth,לאוס,כתום,2,1,0,0,2021-10-10T00:00:00.000Z
LastMonth,פורטוגל,כתום,2,2013,3,0.15,2021-10-10T00:00:00.000Z
LastMonth,ניקרגואה,כתום,2,8,0,0,2021-10-10T00:00:00.000Z
LastMonth,מלטה,כתום,2,32,0,0,2021-10-10T00:00:00.000Z
LastMonth,אקואדור,כתום,2,131,2,1.53,2021-10-10T00:00:00.000Z
LastMonth,מונגוליה,כתום,2,4,0,0,2021-10-10T00:00:00.000Z
LastMonth,קפריסין,צהוב,3,13266,23,0.17,2021-10-10T00:00:00.000Z
LastMonth,גמביה,כתום,2,1,0,0,2021-10-10T00:00:00.000Z
LastMonth,רואנדה,כתום,2,80,0,0,2021-10-10T00:00:00.000Z
LastMonth,ראוניון,כתום,2,1,0,0,2021-10-10T00:00:00.000Z
LastMonth,הונדורס,כתום,2,18,0,0,2021-10-10T00:00:00.000Z
LastMonth,יפן,כתום,2,72,0,0,2021-10-10T00:00:00.000Z
LastMonth,בהמס,כתום,2,10,0,0,2021-10-10T00:00:00.000Z
LastMonth,לטביה,כתום,2,689,0,0,2021-10-10T00:00:00.000Z
LastMonth,בוליביה,כתום,2,6,0,0,2021-10-10T00:00:00.000Z
LastMonth,זאיר,כתום,2,25,0,0,2021-10-10T00:00:00.000Z
LastMonth,ספרד,כתום,2,8834,9,0.1,2021-10-10T00:00:00.000Z
LastMonth,איי פיגי,כתום,2,3,0,0,2021-10-10T00:00:00.000Z
LastMonth,מאלי,כתום,2,46,0,0,2021-10-10T00:00:00.000Z
LastMonth,גאורגיה,כתום,2,11305,52,0.46,2021-10-10T00:00:00.000Z
LastMonth,אסטוניה,כתום,2,158,2,1.27,2021-10-10T00:00:00.000Z
LastMonth,סומליה,כתום,2,1,0,0,2021-10-10T00:00:00.000Z
LastMonth,פקיסטן,כתום,2,2,0,0,2021-10-10T00:00:00.000Z
LastMonth,מונקו,כתום,2,20,0,0,2021-10-10T00:00:00.000Z
LastMonth,סלובקיה,צהוב,3,1432,4,0.28,2021-10-10T00:00:00.000Z
LastMonth,לסוטו,כתום,2,2,0,0,2021-10-10T00:00:00.000Z
LastMonth,מקסיקו,כתום,2,187,1,0.53,2021-10-10T00:00:00.000Z
LastMonth,אוסטרליה,כתום,2,193,1,0.52,2021-10-10T00:00:00.000Z
LastMonth,פולין,צהוב,3,8420,39,0.46,2021-10-10T00:00:00.000Z
LastMonth,מדגסקר,כתום,2,1,0,0,2021-10-10T00:00:00.000Z
LastMonth,בחריין,צהוב,3,157,0,0,2021-10-10T00:00:00.000Z
LastMonth,גיברלטר,כתום,2,16,0,0,2021-10-10T00:00:00.000Z
LastMonth,ארמניה,כתום,2,405,4,0.99,2021-10-10T00:00:00.000Z
LastMonth,אורגוואי,צהוב,3,119,1,0.84,2021-10-10T00:00:00.000Z
LastMonth,גאנה,כתום,2,118,1,0.85,2021-10-10T00:00:00.000Z
LastMonth,גרמניה,כתום,2,16384,21,0.13,2021-10-10T00:00:00.000Z
LastMonth,צ'ילה,כתום,2,40,0,0,2021-10-10T00:00:00.000Z
LastMonth,גויאנה,כתום,2,6,0,0,2021-10-10T00:00:00.000Z
LastMonth,טוגו,כתום,2,18,0,0,2021-10-10T00:00:00.000Z
LastMonth,אוגנדה,כתום,2,84,0,0,2021-10-10T00:00:00.000Z
LastMonth,דומיניקה,כתום,2,23,0,0,2021-10-10T00:00:00.000Z
LastMonth,טובלו,כתום,2,1,0,0,2021-10-10T00:00:00.000Z
LastMonth,ניגריה,כתום,2,141,0,0,2021-10-10T00:00:00.000Z
LastMonth,מלאווי,כתום,2,5,0,0,2021-10-10T00:00:00.000Z
LastMonth,בורונדי,כתום,2,1,0,0,2021-10-10T00:00:00.000Z
LastMonth,פרו,כתום,2,457,9,1.97,2021-10-10T00:00:00.000Z
LastMonth,תאילנד,כתום,2,1709,3,0.18,2021-10-10T00:00:00.000Z
LastMonth,קמבודיה,כתום,2,1,0,0,2021-10-10T00:00:00.000Z
LastMonth,קולומביה,כתום,2,309,2,0.65,2021-10-10T00:00:00.000Z
LastMonth,הונגריה,כתום,2,16683,67,0.4,2021-10-10T00:00:00.000Z
LastMonth,מקאו,כתום,2,5,0,0,2021-10-10T00:00:00.000Z
LastMonth,תורכיה,כתום,2,3082,26,0.84,2021-10-10T00:00:00.000Z
LastMonth,אפגניסטן,כתום,2,2,0,0,2021-10-10T00:00:00.000Z
LastMonth,ליבריה,כתום,2,7,0,0,2021-10-10T00:00:00.000Z
LastMonth,פינלנד,כתום,2,723,0,0,2021-10-10T00:00:00.000Z
LastMonth,מרוקו,כתום,2,1045,3,0.29,2021-10-10T00:00:00.000Z
LastMonth,רוסיה,כתום,2,10116,158,1.56,2021-10-10T00:00:00.000Z
LastMonth,קרואטיה,כתום,2,570,2,0.35,2021-10-10T00:00:00.000Z
LastMonth,אוסטריה,צהוב,3,20457,48,0.23,2021-10-10T00:00:00.000Z
LastMonth,עירק,כתום,2,5,0,0,2021-10-10T00:00:00.000Z
LastMonth,סרביה,כתום,2,649,0,0,2021-10-10T00:00:00.000Z
LastMonth,קונגו,כתום,2,3,0,0,2021-10-10T00:00:00.000Z
LastMonth,ארגנטינה,כתום,2,459,1,0.22,2021-10-10T00:00:00.000Z
LastMonth,קמרון,כתום,2,14,1,7.14,2021-10-10T00:00:00.000Z
LastMonth,בנגלדש,כתום,2,1,0,0,2021-10-10T00:00:00.000Z
LastMonth,פרגוואי,כתום,2,16,1,6.25,2021-10-10T00:00:00.000Z
LastMonth,אנגולה,כתום,2,54,0,0,2021-10-10T00:00:00.000Z
LastMonth,טיוואן,צהוב,3,16,0,0,2021-10-10T00:00:00.000Z
LastMonth,נמיביה,כתום,2,24,0,0,2021-10-10T00:00:00.000Z
LastMonth,מצרים,כתום,2,40946,125,0.31,2021-10-10T00:00:00.000Z
LastMonth,גווטאמלה,כתום,2,154,4,2.6,2021-10-10T00:00:00.000Z
LastMonth,יוון,כתום,2,43779,55,0.13,2021-10-10T00:00:00.000Z
LastMonth,ברזיל,כתום,2,272,1,0.37,2021-10-10T00:00:00.000Z
LastMonth,אנדורה,כתום,2,1,0,0,2021-10-10T00:00:00.000Z
LastMonth,נורבגיה,כתום,2,141,0,0,2021-10-10T00:00:00.000Z
LastMonth,סנגל,כתום,2,14,0,0,2021-10-10T00:00:00.000Z
LastMonth,צרפת,כתום,2,23413,52,0.22,2021-10-10T00:00:00.000Z
LastMonth,מקדוניה,כתום,2,25,0,0,2021-10-10T00:00:00.000Z
LastMonth,סלובניה,כתום,2,141,2,1.42,2021-10-10T00:00:00.000Z
LastMonth,קזחסטאן,כתום,2,144,1,0.69,2021-10-10T00:00:00.000Z
LastMonth,בוטסואנה,כתום,2,46,0,0,2021-10-10T00:00:00.000Z
LastMonth,צכיה,צהוב,3,16955,34,0.2,2021-10-10T00:00:00.000Z
LastMonth,פאפואה,כתום,2,5,0,0,2021-10-10T00:00:00.000Z
LastMonth,גבון,צהוב,3,7,0,0,2021-10-10T00:00:00.000Z
LastMonth,סינגפור,כתום,2,91,0,0,2021-10-10T00:00:00.000Z
LastMonth,אריתראה,כתום,2,1,0,0,2021-10-10T00:00:00.000Z
LastMonth,אלבניה,כתום,2,254,1,0.39,2021-10-10T00:00:00.000Z
LastMonth,אירלנד,כתום,2,375,0,0,2021-10-10T00:00:00.000Z
LastMonth,כווית,כתום,2,2,0,0,2021-10-10T00:00:00.000Z
LastMonth,אתיופיה,כתום,2,850,13,1.53,2021-10-10T00:00:00.000Z
LastMonth,איטליה,כתום,2,21199,21,0.1,2021-10-10T00:00:00.000Z
month3,סווזילנד,כתום,2,1,0,0,2021-10-10T00:00:00.000Z
month3,מזרח טימור,כתום,2,2,0,0,2021-10-10T00:00:00.000Z
month3,מונטנגרו,כתום,2,7544,72,0.95,2021-10-10T00:00:00.000Z
month3,דרום סודאן,כתום,2,26,0,0,2021-10-10T00:00:00.000Z
month3,לבנון,כתום,2,79,0,0,2021-10-10T00:00:00.000Z
month3,ברבדוס,כתום,2,8,0,0,2021-10-10T00:00:00.000Z
month3,ליטא,כתום,2,3214,11,0.34,2021-10-10T00:00:00.000Z
month3,שוודיה,כתום,2,1640,6,0.37,2021-10-10T00:00:00.000Z
month3,בולגריה,כתום,2,19591,473,2.41,2021-10-10T00:00:00.000Z
month3,סין,צהוב,3,1345,3,0.22,2021-10-10T00:00:00.000Z
month3,דנמרק,כתום,2,3553,14,0.39,2021-10-10T00:00:00.000Z
month3,קובה,כתום,2,22,1,4.55,2021-10-10T00:00:00.000Z
month3,קטר,כתום,2,77,0,0,2021-10-10T00:00:00.000Z
month3,סודן,כתום,2,5,0,0,2021-10-10T00:00:00.000Z
month3,גינאה,כתום,2,15,0,0,2021-10-10T00:00:00.000Z
month3,סן מרינו,כתום,2,5,0,0,2021-10-10T00:00:00.000Z
month3,אוקראינה,כתום,2,69833,3724,5.33,2021-10-10T00:00:00.000Z
month3,גמייקה,כתום,2,27,1,3.7,2021-10-10T00:00:00.000Z
month3,תוניסיה,כתום,2,90,11,12.22,2021-10-10T00:00:00.000Z
month3,הודו,כתום,2,1633,7,0.43,2021-10-10T00:00:00.000Z
month3,ערב הסעודית,כתום,2,134,0,0,2021-10-10T00:00:00.000Z
month3,עומן,כתום,2,9,0,0,2021-10-10T00:00:00.000Z
month3,טנזניה,כתום,2,2975,53,1.78,2021-10-10T00:00:00.000Z
month3,בליז,כתום,2,11,1,9.09,2021-10-10T00:00:00.000Z
month3,מלזיה,כתום,2,4,0,0,2021-10-10T00:00:00.000Z
month3,קוסטה ריקה,כתום,2,1804,32,1.77,2021-10-10T00:00:00.000Z
month3,אל סלבדור,כתום,2,30,0,0,2021-10-10T00:00:00.000Z
month3,הולנד,כתום,2,19678,115,0.58,2021-10-10T00:00:00.000Z
month3,ניו זילנד,צהוב,3,62,1,1.61,2021-10-10T00:00:00.000Z
month3,נפאל,כתום,2,61,1,1.64,2021-10-10T00:00:00.000Z
month3,גרנדה,כתום,2,18,0,0,2021-10-10T00:00:00.000Z
month3,זמביה,כתום,2,114,0,0,2021-10-10T00:00:00.000Z
month3,מולדובה,כתום,2,8251,178,2.16,2021-10-10T00:00:00.000Z
month3,מרטיניק,כתום,2,2,0,0,2021-10-10T00:00:00.000Z
month3,איי פאלקלנד,כתום,2,1,0,0,2021-10-10T00:00:00.000Z
month3,ונצואלה,כתום,2,131,3,2.29,2021-10-10T00:00:00.000Z
month3,פנמה,כתום,2,964,13,1.35,2021-10-10T00:00:00.000Z
month3,רומניה,כתום,2,31635,344,1.09,2021-10-10T00:00:00.000Z
month3,שוויץ,כתום,2,29867,159,0.53,2021-10-10T00:00:00.000Z
month3,איסלנד,כתום,2,6549,47,0.72,2021-10-10T00:00:00.000Z
month3,קנדה,כתום,2,12790,31,0.24,2021-10-10T00:00:00.000Z
month3,קוסובו,כתום,2,53,0,0,2021-10-10T00:00:00.000Z
month3,דרום אפריקה,כתום,2,1496,8,0.53,2021-10-10T00:00:00.000Z
month3,קניה,כתום,2,641,13,2.03,2021-10-10T00:00:00.000Z
month3,גיבוטי,כתום,2,1,0,0,2021-10-10T00:00:00.000Z
month3,צאד,כתום,2,11,0,0,2021-10-10T00:00:00.000Z
month3,ונואטו,כתום,2,1,0,0,2021-10-10T00:00:00.000Z
month3,ירדן,כתום,2,26543,177,0.67,2021-10-10T00:00:00.000Z
month3,ויטנאם,כתום,2,49,0,0,2021-10-10T00:00:00.000Z
month3,בלגיה,כתום,2,8766,49,0.56,2021-10-10T00:00:00.000Z
month3,סוריה,כתום,2,175,0,0,2021-10-10T00:00:00.000Z
month3,אירן,כתום,2,3,0,0,2021-10-10T00:00:00.000Z
month3,מלדיבים,כתום,2,3590,17,0.47,2021-10-10T00:00:00.000Z
month3,מוזמביק,כתום,2,58,0,0,2021-10-10T00:00:00.000Z
month3,לאוס,כתום,2,1,0,0,2021-10-10T00:00:00.000Z
month3,חוף השנהב,כתום,2,119,4,3.36,2021-10-10T00:00:00.000Z
month3,פורטוגל,כתום,2,5860,23,0.39,2021-10-10T00:00:00.000Z
month3,ניקרגואה,כתום,2,24,0,0,2021-10-10T00:00:00.000Z
month3,מלטה,כתום,2,179,0,0,2021-10-10T00:00:00.000Z
month3,אקואדור,כתום,2,224,2,0.89,2021-10-10T00:00:00.000Z
month3,פורטו ריקו,כתום,2,20,0,0,2021-10-10T00:00:00.000Z
month3,מונגוליה,כתום,2,9,0,0,2021-10-10T00:00:00.000Z
month3,קפריסין,צהוב,3,27887,184,0.66,2021-10-10T00:00:00.000Z
month3,גמביה,כתום,2,10,0,0,2021-10-10T00:00:00.000Z
month3,רואנדה,כתום,2,179,0,0,2021-10-10T00:00:00.000Z
month3,גינאה החדשה,כתום,2,1,0,0,2021-10-10T00:00:00.000Z
month3,ראוניון,כתום,2,4,0,0,2021-10-10T00:00:00.000Z
month3,הונדורס,כתום,2,33,0,0,2021-10-10T00:00:00.000Z
month3,סט וינסנט,כתום,2,4,1,25,2021-10-10T00:00:00.000Z
month3,יפן,כתום,2,534,3,0.56,2021-10-10T00:00:00.000Z
month3,פיליפינים,כתום,2,924,15,1.62,2021-10-10T00:00:00.000Z
month3,בהמס,כתום,2,35,0,0,2021-10-10T00:00:00.000Z
month3,לטביה,כתום,2,1902,3,0.16,2021-10-10T00:00:00.000Z
month3,בוליביה,כתום,2,34,0,0,2021-10-10T00:00:00.000Z
month3,תורכמניסטאן,כתום,2,677,25,3.69,2021-10-10T00:00:00.000Z
month3,טג'יקיסטאן,כתום,2,59,0,0,2021-10-10T00:00:00.000Z
month3,טונגה,כתום,2,2,0,0,2021-10-10T00:00:00.000Z
month3,זאיר,כתום,2,82,1,1.22,2021-10-10T00:00:00.000Z
month3,ספרד,כתום,2,14323,126,0.88,2021-10-10T00:00:00.000Z
month3,איי פיגי,כתום,2,3,0,0,2021-10-10T00:00:00.000Z
month3,מאלי,כתום,2,131,4,3.05,2021-10-10T00:00:00.000Z
month3,איי הבתולה,כתום,2,2,0,0,2021-10-10T00:00:00.000Z
month3,גאורגיה,כתום,2,25862,259,1,2021-10-10T00:00:00.000Z
month3,תימן,כתום,2,7,0,0,2021-10-10T00:00:00.000Z
month3,אסטוניה,כתום,2,685,5,0.73,2021-10-10T00:00:00.000Z
month3,סומליה,כתום,2,4,0,0,2021-10-10T00:00:00.000Z
month3,לוכסמבורג,כתום,2,124,0,0,2021-10-10T00:00:00.000Z
month3,פקיסטן,כתום,2,2,0,0,2021-10-10T00:00:00.000Z
month3,אזרביג'אן,כתום,2,3465,39,1.13,2021-10-10T00:00:00.000Z
month3,הונג קונג,צהוב,3,351,2,0.57,2021-10-10T00:00:00.000Z
month3,מונקו,כתום,2,96,3,3.13,2021-10-10T00:00:00.000Z
month3,סלובקיה,צהוב,3,1491,4,0.27,2021-10-10T00:00:00.000Z
month3,לסוטו,כתום,2,8,0,0,2021-10-10T00:00:00.000Z
month3,מקסיקו,כתום,2,449,8,1.78,2021-10-10T00:00:00.000Z
month3,איי קיימן,כתום,2,2,0,0,2021-10-10T00:00:00.000Z
month3,אוסטרליה,כתום,2,765,2,0.26,2021-10-10T00:00:00.000Z
month3,פולין,צהוב,3,17029,95,0.56,2021-10-10T00:00:00.000Z
month3,מדגסקר,כתום,2,2,0,0,2021-10-10T00:00:00.000Z
month3,סט. לוציה,כתום,2,1,0,0,2021-10-10T00:00:00.000Z
month3,בחריין,צהוב,3,212,0,0,2021-10-10T00:00:00.000Z
month3,אלגיריה,כתום,2,3,0,0,2021-10-10T00:00:00.000Z
month3,גיברלטר,כתום,2,95,0,0,2021-10-10T00:00:00.000Z
month3,ארמניה,כתום,2,993,13,1.31,2021-10-10T00:00:00.000Z
month3,אורגוואי,צהוב,3,320,3,0.94,2021-10-10T00:00:00.000Z
month3,גאנה,כתום,2,339,7,2.06,2021-10-10T00:00:00.000Z
month3,גרמניה,כתום,2,45311,157,0.35,2021-10-10T00:00:00.000Z
month3,צ'ילה,כתום,2,125,0,0,2021-10-10T00:00:00.000Z
month3,סורינם,כתום,2,3,0,0,2021-10-10T00:00:00.000Z
month3,גויאנה,כתום,2,6,0,0,2021-10-10T00:00:00.000Z
month3,טוגו,כתום,2,59,0,0,2021-10-10T00:00:00.000Z
month3,אבחזיסטאן,כתום,2,48,1,2.08,2021-10-10T00:00:00.000Z
month3,אוגנדה,כתום,2,200,1,0.5,2021-10-10T00:00:00.000Z
month3,דומיניקה,כתום,2,39,0,0,2021-10-10T00:00:00.000Z
month3,טובלו,כתום,2,1,0,0,2021-10-10T00:00:00.000Z
month3,ניגריה,כתום,2,449,5,1.11,2021-10-10T00:00:00.000Z
month3,מלאווי,כתום,2,199,0,0,2021-10-10T00:00:00.000Z
month3,בורונדי,כתום,2,4,0,0,2021-10-10T00:00:00.000Z
month3,אוזבקיסטן,כתום,2,1531,74,4.83,2021-10-10T00:00:00.000Z
month3,פרו,כתום,2,712,18,2.53,2021-10-10T00:00:00.000Z
month3,תאילנד,כתום,2,4213,14,0.33,2021-10-10T00:00:00.000Z
month3,ארצות הברית,כתום,2,183343,1654,0.9,2021-10-10T00:00:00.000Z
month3,קמבודיה,כתום,2,13,0,0,2021-10-10T00:00:00.000Z
month3,קולומביה,כתום,2,588,5,0.85,2021-10-10T00:00:00.000Z
month3,הונגריה,כתום,2,31851,204,0.64,2021-10-10T00:00:00.000Z
month3,מקאו,כתום,2,16,0,0,2021-10-10T00:00:00.000Z
month3,תורכיה,כתום,2,66541,1343,2.02,2021-10-10T00:00:00.000Z
month3,אפגניסטן,כתום,2,6,0,0,2021-10-10T00:00:00.000Z
month3,ליבריה,כתום,2,18,0,0,2021-10-10T00:00:00.000Z
month3,פינלנד,כתום,2,2239,8,0.36,2021-10-10T00:00:00.000Z
month3,מרוקו,כתום,2,2252,59,2.62,2021-10-10T00:00:00.000Z
month3,רוסיה,כתום,2,17362,240,1.38,2021-10-10T00:00:00.000Z
month3,קרואטיה,כתום,2,1838,40,2.18,2021-10-10T00:00:00.000Z
month3,אוסטריה,צהוב,3,50718,227,0.45,2021-10-10T00:00:00.000Z
month3,עירק,כתום,2,64,1,1.56,2021-10-10T00:00:00.000Z
month3,סרביה,כתום,2,4128,42,1.02,2021-10-10T00:00:00.000Z
month3,לוב,כתום,2,2,0,0,2021-10-10T00:00:00.000Z
month3,קונגו,כתום,2,17,1,5.88,2021-10-10T00:00:00.000Z
month3,זימבאבווה,כתום,2,39,0,0,2021-10-10T00:00:00.000Z
month3,ארגנטינה,כתום,2,843,3,0.36,2021-10-10T00:00:00.000Z
month3,קירג'זסטאן,כתום,2,340,20,5.88,2021-10-10T00:00:00.000Z
month3,קמרון,כתום,2,55,2,3.64,2021-10-10T00:00:00.000Z
month3,מאוריציוס,כתום,2,20,0,0,2021-10-10T00:00:00.000Z
month3,בנגלדש,כתום,2,3,0,0,2021-10-10T00:00:00.000Z
month3,פרגוואי,כתום,2,115,1,0.87,2021-10-10T00:00:00.000Z
month3,אנגולה,כתום,2,139,1,0.72,2021-10-10T00:00:00.000Z
month3,איי נורפולק,כתום,2,2,0,0,2021-10-10T00:00:00.000Z
month3,טיוואן,צהוב,3,70,0,0,2021-10-10T00:00:00.000Z
month3,נמיביה,כתום,2,68,0,0,2021-10-10T00:00:00.000Z
month3,מצרים,כתום,2,82887,589,0.71,2021-10-10T00:00:00.000Z
month3,גווטאמלה,כתום,2,250,12,4.8,2021-10-10T00:00:00.000Z
month3,בילורוסיה,כתום,2,4537,55,1.21,2021-10-10T00:00:00.000Z
month3,יוון,כתום,2,126010,990,0.79,2021-10-10T00:00:00.000Z
month3,ברזיל,כתום,2,584,1,0.17,2021-10-10T00:00:00.000Z
month3,אנדורה,כתום,2,18,0,0,2021-10-10T00:00:00.000Z
month3,אינדונזיה,כתום,2,24,0,0,2021-10-10T00:00:00.000Z
month3,נורבגיה,כתום,2,391,3,0.77,2021-10-10T00:00:00.000Z
month3,סנגל,כתום,2,44,0,0,2021-10-10T00:00:00.000Z
month3,צרפת,כתום,2,65374,396,0.61,2021-10-10T00:00:00.000Z
month3,מקדוניה,כתום,2,101,1,0.99,2021-10-10T00:00:00.000Z
month3,ניגר,כתום,2,8,0,0,2021-10-10T00:00:00.000Z
month3,סלובניה,כתום,2,1313,5,0.38,2021-10-10T00:00:00.000Z
month3,קזחסטאן,כתום,2,636,25,3.93,2021-10-10T00:00:00.000Z
month3,בוטסואנה,כתום,2,97,0,0,2021-10-10T00:00:00.000Z
month3,צכיה,צהוב,3,31873,194,0.61,2021-10-10T00:00:00.000Z
month3,פאפואה,כתום,2,9,0,0,2021-10-10T00:00:00.000Z
month3,גבון,צהוב,3,18,0,0,2021-10-10T00:00:00.000Z
month3,איי סיישל,כתום,2,2243,2,0.09,2021-10-10T00:00:00.000Z
month3,גואם,כתום,2,1,0,0,2021-10-10T00:00:00.000Z
month3,סינגפור,כתום,2,285,1,0.35,2021-10-10T00:00:00.000Z
month3,אריתראה,כתום,2,2,0,0,2021-10-10T00:00:00.000Z
month3,אלבניה,כתום,2,1109,7,0.63,2021-10-10T00:00:00.000Z
month3,אירלנד,כתום,2,852,0,0,2021-10-10T00:00:00.000Z
month3,איי קוק,כתום,2,3,0,0,2021-10-10T00:00:00.000Z
month3,כווית,כתום,2,3,0,0,2021-10-10T00:00:00.000Z
month3,אתיופיה,כתום,2,2117,33,1.56,2021-10-10T00:00:00.000Z
month3,איטליה,כתום,2,47990,143,0.3,2021-10-10T00:00:00.000Z
month6,סווזילנד,כתום,2,10,0,0,2021-10-10T00:00:00.000Z
month6,מזרח טימור,כתום,2,2,0,0,2021-10-10T00:00:00.000Z
month6,מונטנגרו,כתום,2,10309,72,0.7,2021-10-10T00:00:00.000Z
month6,דרום סודאן,כתום,2,39,0,0,2021-10-10T00:00:00.000Z
month6,לבנון,כתום,2,162,0,0,2021-10-10T00:00:00.000Z
month6,ברבדוס,כתום,2,10,0,0,2021-10-10T00:00:00.000Z
month6,ליטא,כתום,2,3819,11,0.29,2021-10-10T00:00:00.000Z
month6,שוודיה,כתום,2,2148,7,0.33,2021-10-10T00:00:00.000Z
month6,בולגריה,כתום,2,34200,488,1.43,2021-10-10T00:00:00.000Z
month6,סין,צהוב,3,2221,3,0.14,2021-10-10T00:00:00.000Z
month6,דנמרק,כתום,2,4270,14,0.33,2021-10-10T00:00:00.000Z
month6,קובה,כתום,2,44,1,2.27,2021-10-10T00:00:00.000Z
month6,קטר,כתום,2,114,0,0,2021-10-10T00:00:00.000Z
month6,סודן,כתום,2,7,0,0,2021-10-10T00:00:00.000Z
month6,גינאה,כתום,2,28,2,7.14,2021-10-10T00:00:00.000Z
month6,סן מרינו,כתום,2,9,0,0,2021-10-10T00:00:00.000Z
month6,אוקראינה,כתום,2,82435,3734,4.53,2021-10-10T00:00:00.000Z
month6,סמואה,כתום,2,1,0,0,2021-10-10T00:00:00.000Z
month6,גמייקה,כתום,2,41,1,2.44,2021-10-10T00:00:00.000Z
month6,תוניסיה,כתום,2,147,11,7.48,2021-10-10T00:00:00.000Z
month6,הודו,כתום,2,2268,15,0.66,2021-10-10T00:00:00.000Z
month6,ערב הסעודית,כתום,2,180,1,0.56,2021-10-10T00:00:00.000Z
month6,עומן,כתום,2,11,0,0,2021-10-10T00:00:00.000Z
month6,טנזניה,כתום,2,3627,55,1.52,2021-10-10T00:00:00.000Z
month6,בליז,כתום,2,13,1,7.69,2021-10-10T00:00:00.000Z
month6,מלזיה,כתום,2,6,0,0,2021-10-10T00:00:00.000Z
month6,קוסטה ריקה,כתום,2,2260,32,1.42,2021-10-10T00:00:00.000Z
month6,אל סלבדור,כתום,2,42,0,0,2021-10-10T00:00:00.000Z
month6,הולנד,כתום,2,27661,132,0.48,2021-10-10T00:00:00.000Z
month6,ניו זילנד,צהוב,3,95,1,1.05,2021-10-10T00:00:00.000Z
month6,נפאל,כתום,2,120,1,0.83,2021-10-10T00:00:00.000Z
month6,גרנדה,כתום,2,26,0,0,2021-10-10T00:00:00.000Z
month6,זמביה,כתום,2,227,1,0.44,2021-10-10T00:00:00.000Z
month6,מולדובה,כתום,2,12100,179,1.48,2021-10-10T00:00:00.000Z
month6,מרטיניק,כתום,2,3,0,0,2021-10-10T00:00:00.000Z
month6,איי פאלקלנד,כתום,2,1,0,0,2021-10-10T00:00:00.000Z
month6,ונצואלה,כתום,2,181,3,1.66,2021-10-10T00:00:00.000Z
month6,פנמה,כתום,2,1238,14,1.13,2021-10-10T00:00:00.000Z
month6,רומניה,כתום,2,40461,352,0.87,2021-10-10T00:00:00.000Z
month6,שוויץ,כתום,2,36819,163,0.44,2021-10-10T00:00:00.000Z
month6,איסלנד,כתום,2,7584,50,0.66,2021-10-10T00:00:00.000Z
month6,איי מרשל,כתום,2,1,0,0,2021-10-10T00:00:00.000Z
month6,קנדה,כתום,2,15644,33,0.21,2021-10-10T00:00:00.000Z
month6,קוסובו,כתום,2,68,0,0,2021-10-10T00:00:00.000Z
month6,דרום אפריקה,כתום,2,2060,14,0.68,2021-10-10T00:00:00.000Z
month6,קניה,כתום,2,1024,17,1.66,2021-10-10T00:00:00.000Z
month6,גיבוטי,כתום,2,1,0,0,2021-10-10T00:00:00.000Z
month6,צאד,כתום,2,17,0,0,2021-10-10T00:00:00.000Z
month6,ונואטו,כתום,2,2,0,0,2021-10-10T00:00:00.000Z
month6,ירדן,כתום,2,32066,187,0.58,2021-10-10T00:00:00.000Z
month6,ויטנאם,כתום,2,78,0,0,2021-10-10T00:00:00.000Z
month6,בלגיה,כתום,2,12835,51,0.4,2021-10-10T00:00:00.000Z
month6,סוריה,כתום,2,531,0,0,2021-10-10T00:00:00.000Z
month6,אירן,כתום,2,3,0,0,2021-10-10T00:00:00.000Z
month6,מלדיבים,כתום,2,4786,25,0.52,2021-10-10T00:00:00.000Z
month6,מוזמביק,כתום,2,90,0,0,2021-10-10T00:00:00.000Z
month6,לאוס,כתום,2,2,0,0,2021-10-10T00:00:00.000Z
month6,חוף השנהב,כתום,2,233,4,1.72,2021-10-10T00:00:00.000Z
month6,פורטוגל,כתום,2,7070,25,0.35,2021-10-10T00:00:00.000Z
month6,ניקרגואה,כתום,2,25,0,0,2021-10-10T00:00:00.000Z
month6,מלטה,כתום,2,293,0,0,2021-10-10T00:00:00.000Z
month6,אקואדור,כתום,2,285,2,0.7,2021-10-10T00:00:00.000Z
month6,פורטו ריקו,כתום,2,34,0,0,2021-10-10T00:00:00.000Z
month6,מונגוליה,כתום,2,11,0,0,2021-10-10T00:00:00.000Z
month6,קפריסין,צהוב,3,56309,244,0.43,2021-10-10T00:00:00.000Z
month6,גמביה,כתום,2,15,0,0,2021-10-10T00:00:00.000Z
month6,רואנדה,כתום,2,336,2,0.6,2021-10-10T00:00:00.000Z
month6,אנגליה,כתום,2,1,0,0,2021-10-10T00:00:00.000Z
month6,גינאה החדשה,כתום,2,3,0,0,2021-10-10T00:00:00.000Z
month6,ראוניון,כתום,2,9,0,0,2021-10-10T00:00:00.000Z
month6,הונדורס,כתום,2,71,0,0,2021-10-10T00:00:00.000Z
month6,סט וינסנט,כתום,2,9,1,11.11,2021-10-10T00:00:00.000Z
month6,יפן,כתום,2,646,3,0.46,2021-10-10T00:00:00.000Z
month6,פיליפינים,כתום,2,1494,18,1.2,2021-10-10T00:00:00.000Z
month6,בהמס,כתום,2,42,0,0,2021-10-10T00:00:00.000Z
month6,לטביה,כתום,2,2213,3,0.14,2021-10-10T00:00:00.000Z
month6,בוליביה,כתום,2,87,0,0,2021-10-10T00:00:00.000Z
month6,תורכמניסטאן,כתום,2,991,25,2.52,2021-10-10T00:00:00.000Z
month6,טג'יקיסטאן,כתום,2,70,0,0,2021-10-10T00:00:00.000Z
month6,טונגה,כתום,2,2,0,0,2021-10-10T00:00:00.000Z
month6,ברמודה,כתום,2,5,0,0,2021-10-10T00:00:00.000Z
month6,זאיר,כתום,2,146,1,0.68,2021-10-10T00:00:00.000Z
month6,ספרד,כתום,2,20872,190,0.91,2021-10-10T00:00:00.000Z
month6,איי פיגי,כתום,2,4,0,0,2021-10-10T00:00:00.000Z
month6,מאלי,כתום,2,161,7,4.35,2021-10-10T00:00:00.000Z
month6,איי הבתולה,כתום,2,6,0,0,2021-10-10T00:00:00.000Z
month6,גאורגיה,כתום,2,55540,320,0.58,2021-10-10T00:00:00.000Z
month6,תימן,כתום,2,7,0,0,2021-10-10T00:00:00.000Z
month6,אסטוניה,כתום,2,777,5,0.64,2021-10-10T00:00:00.000Z
month6,סומליה,כתום,2,4,0,0,2021-10-10T00:00:00.000Z
month6,לוכסמבורג,כתום,2,186,0,0,2021-10-10T00:00:00.000Z
month6,פקיסטן,כתום,2,3,0,0,2021-10-10T00:00:00.000Z
month6,אזרביג'אן,כתום,2,3977,40,1.01,2021-10-10T00:00:00.000Z
month6,הונג קונג,צהוב,3,423,2,0.47,2021-10-10T00:00:00.000Z
month6,מונקו,כתום,2,109,4,3.67,2021-10-10T00:00:00.000Z
month6,ברוניי,כתום,2,1,0,0,2021-10-10T00:00:00.000Z
month6,סלובקיה,צהוב,3,1507,4,0.27,2021-10-10T00:00:00.000Z
month6,לסוטו,כתום,2,15,0,0,2021-10-10T00:00:00.000Z
month6,מקסיקו,כתום,2,1050,14,1.33,2021-10-10T00:00:00.000Z
month6,איי קיימן,כתום,2,2,0,0,2021-10-10T00:00:00.000Z
month6,אוסטרליה,כתום,2,1014,2,0.2,2021-10-10T00:00:00.000Z
month6,פולין,צהוב,3,21826,98,0.45,2021-10-10T00:00:00.000Z
month6,מדגסקר,כתום,2,7,0,0,2021-10-10T00:00:00.000Z
month6,סט. לוציה,כתום,2,1,0,0,2021-10-10T00:00:00.000Z
month6,בחריין,צהוב,3,240,0,0,2021-10-10T00:00:00.000Z
month6,אלגיריה,כתום,2,9,0,0,2021-10-10T00:00:00.000Z
month6,גיברלטר,כתום,2,104,0,0,2021-10-10T00:00:00.000Z
month6,ארמניה,כתום,2,1230,15,1.22,2021-10-10T00:00:00.000Z
month6,אורגוואי,צהוב,3,436,3,0.69,2021-10-10T00:00:00.000Z
month6,גאנה,כתום,2,605,7,1.16,2021-10-10T00:00:00.000Z
month6,גרמניה,כתום,2,64350,171,0.27,2021-10-10T00:00:00.000Z
month6,צ'ילה,כתום,2,252,0,0,2021-10-10T00:00:00.000Z
month6,קיריבטי,כתום,2,5,0,0,2021-10-10T00:00:00.000Z
month6,סורינם,כתום,2,4,0,0,2021-10-10T00:00:00.000Z
month6,גויאנה,כתום,2,6,0,0,2021-10-10T00:00:00.000Z
month6,טוגו,כתום,2,80,0,0,2021-10-10T00:00:00.000Z
month6,אבחזיסטאן,כתום,2,50,1,2,2021-10-10T00:00:00.000Z
month6,אוגנדה,כתום,2,355,6,1.69,2021-10-10T00:00:00.000Z
month6,דומיניקה,כתום,2,44,0,0,2021-10-10T00:00:00.000Z
month6,טובלו,כתום,2,2,0,0,2021-10-10T00:00:00.000Z
month6,ניגריה,כתום,2,790,5,0.63,2021-10-10T00:00:00.000Z
month6,מלאווי,כתום,2,208,0,0,2021-10-10T00:00:00.000Z
month6,בורונדי,כתום,2,10,0,0,2021-10-10T00:00:00.000Z
month6,אוזבקיסטן,כתום,2,2449,104,4.25,2021-10-10T00:00:00.000Z
month6,פרו,כתום,2,822,18,2.19,2021-10-10T00:00:00.000Z
month6,תאילנד,כתום,2,6775,16,0.24,2021-10-10T00:00:00.000Z
month6,ארצות הברית,כתום,2,288890,1735,0.6,2021-10-10T00:00:00.000Z
month6,קמבודיה,כתום,2,16,0,0,2021-10-10T00:00:00.000Z
month6,קולומביה,כתום,2,851,8,0.94,2021-10-10T00:00:00.000Z
month6,הונגריה,כתום,2,37355,214,0.57,2021-10-10T00:00:00.000Z
month6,מקאו,כתום,2,16,0,0,2021-10-10T00:00:00.000Z
month6,תורכיה,כתום,2,98980,1422,1.44,2021-10-10T00:00:00.000Z
month6,אפגניסטן,כתום,2,7,0,0,2021-10-10T00:00:00.000Z
month6,ליבריה,כתום,2,24,0,0,2021-10-10T00:00:00.000Z
month6,פינלנד,כתום,2,2552,8,0.31,2021-10-10T00:00:00.000Z
month6,מרוקו,כתום,2,2527,60,2.37,2021-10-10T00:00:00.000Z
month6,רוסיה,כתום,2,27398,336,1.23,2021-10-10T00:00:00.000Z
month6,קרואטיה,כתום,2,2501,40,1.6,2021-10-10T00:00:00.000Z
month6,אוסטריה,צהוב,3,59275,230,0.39,2021-10-10T00:00:00.000Z
month6,עירק,כתום,2,101,1,0.99,2021-10-10T00:00:00.000Z
month6,סרביה,כתום,2,4956,43,0.87,2021-10-10T00:00:00.000Z
month6,לוב,כתום,2,4,0,0,2021-10-10T00:00:00.000Z
month6,קונגו,כתום,2,34,2,5.88,2021-10-10T00:00:00.000Z
month6,זימבאבווה,כתום,2,92,0,0,2021-10-10T00:00:00.000Z
month6,ארגנטינה,כתום,2,1142,5,0.44,2021-10-10T00:00:00.000Z
month6,קירג'זסטאן,כתום,2,526,33,6.27,2021-10-10T00:00:00.000Z
month6,קמרון,כתום,2,92,4,4.35,2021-10-10T00:00:00.000Z
month6,מאוריציוס,כתום,2,42,0,0,2021-10-10T00:00:00.000Z
month6,בנגלדש,כתום,2,3,0,0,2021-10-10T00:00:00.000Z
month6,פרגוואי,כתום,2,155,1,0.65,2021-10-10T00:00:00.000Z
month6,אנגולה,כתום,2,211,1,0.47,2021-10-10T00:00:00.000Z
month6,איי נורפולק,כתום,2,2,0,0,2021-10-10T00:00:00.000Z
month6,טיוואן,צהוב,3,181,0,0,2021-10-10T00:00:00.000Z
month6,פלאו,כתום,2,1,0,0,2021-10-10T00:00:00.000Z
month6,נמיביה,כתום,2,112,0,0,2021-10-10T00:00:00.000Z
month6,מצרים,כתום,2,118412,609,0.51,2021-10-10T00:00:00.000Z
month6,גווטאמלה,כתום,2,300,12,4,2021-10-10T00:00:00.000Z
month6,בילורוסיה,כתום,2,8597,80,0.93,2021-10-10T00:00:00.000Z
month6,יוון,כתום,2,201478,1067,0.53,2021-10-10T00:00:00.000Z
month6,ברזיל,כתום,2,936,6,0.64,2021-10-10T00:00:00.000Z
month6,אנדורה,כתום,2,19,0,0,2021-10-10T00:00:00.000Z
month6,אינדונזיה,כתום,2,50,0,0,2021-10-10T00:00:00.000Z
month6,נורבגיה,כתום,2,538,3,0.56,2021-10-10T00:00:00.000Z
month6,סנגל,כתום,2,73,0,0,2021-10-10T00:00:00.000Z
month6,צרפת,כתום,2,91791,425,0.46,2021-10-10T00:00:00.000Z
month6,מקדוניה,כתום,2,162,1,0.62,2021-10-10T00:00:00.000Z
month6,ניגר,כתום,2,12,0,0,2021-10-10T00:00:00.000Z
month6,סלובניה,כתום,2,1550,7,0.45,2021-10-10T00:00:00.000Z
month6,קזחסטאן,כתום,2,788,27,3.43,2021-10-10T00:00:00.000Z
month6,בוטסואנה,כתום,2,128,0,0,2021-10-10T00:00:00.000Z
month6,צכיה,צהוב,3,33450,196,0.59,2021-10-10T00:00:00.000Z
month6,פאפואה,כתום,2,13,0,0,2021-10-10T00:00:00.000Z
month6,גבון,צהוב,3,29,0,0,2021-10-10T00:00:00.000Z
month6,איי סיישל,כתום,2,5524,10,0.18,2021-10-10T00:00:00.000Z
month6,גואם,כתום,2,1,0,0,2021-10-10T00:00:00.000Z
month6,סינגפור,כתום,2,472,2,0.42,2021-10-10T00:00:00.000Z
month6,אריתראה,כתום,2,4,0,0,2021-10-10T00:00:00.000Z
month6,אלבניה,כתום,2,1665,7,0.42,2021-10-10T00:00:00.000Z
month6,אירלנד,כתום,2,1129,0,0,2021-10-10T00:00:00.000Z
month6,איי קוק,כתום,2,3,0,0,2021-10-10T00:00:00.000Z
month6,כווית,כתום,2,7,0,0,2021-10-10T00:00:00.000Z
month6,אתיופיה,כתום,2,3688,42,1.14,2021-10-10T00:00:00.000Z
month6,האיטי,כתום,2,3,0,0,2021-10-10T00:00:00.000Z
month6,איטליה,כתום,2,57183,146,0.26,2021-10-10T00:00:00.000Z
year,סווזילנד,כתום,2,10,0,0,2021-10-10T00:00:00.000Z
year,מזרח טימור,כתום,2,2,0,0,2021-10-10T00:00:00.000Z
year,מונטנגרו,כתום,2,10309,72,0.7,2021-10-10T00:00:00.000Z
year,דרום סודאן,כתום,2,39,0,0,2021-10-10T00:00:00.000Z
year,לבנון,כתום,2,162,0,0,2021-10-10T00:00:00.000Z
year,ברבדוס,כתום,2,10,0,0,2021-10-10T00:00:00.000Z
year,ליטא,כתום,2,3819,11,0.29,2021-10-10T00:00:00.000Z
year,שוודיה,כתום,2,2148,7,0.33,2021-10-10T00:00:00.000Z
year,בולגריה,כתום,2,34200,488,1.43,2021-10-10T00:00:00.000Z
year,סין,צהוב,3,2221,3,0.14,2021-10-10T00:00:00.000Z
year,דנמרק,כתום,2,4270,14,0.33,2021-10-10T00:00:00.000Z
year,קובה,כתום,2,44,1,2.27,2021-10-10T00:00:00.000Z
year,קטר,כתום,2,114,0,0,2021-10-10T00:00:00.000Z
year,סודן,כתום,2,7,0,0,2021-10-10T00:00:00.000Z
year,גינאה,כתום,2,28,2,7.14,2021-10-10T00:00:00.000Z
year,סן מרינו,כתום,2,9,0,0,2021-10-10T00:00:00.000Z
year,אוקראינה,כתום,2,82435,3734,4.53,2021-10-10T00:00:00.000Z
year,סמואה,כתום,2,1,0,0,2021-10-10T00:00:00.000Z
year,גמייקה,כתום,2,41,1,2.44,2021-10-10T00:00:00.000Z
year,תוניסיה,כתום,2,147,11,7.48,2021-10-10T00:00:00.000Z
year,הודו,כתום,2,2268,15,0.66,2021-10-10T00:00:00.000Z
year,ערב הסעודית,כתום,2,180,1,0.56,2021-10-10T00:00:00.000Z
year,עומן,כתום,2,11,0,0,2021-10-10T00:00:00.000Z
year,טנזניה,כתום,2,3627,55,1.52,2021-10-10T00:00:00.000Z
year,סיירה ליאונה,כתום,2,22,0,0,2021-10-10T00:00:00.000Z
year,בליז,כתום,2,13,1,7.69,2021-10-10T00:00:00.000Z
year,מלזיה,כתום,2,6,0,0,2021-10-10T00:00:00.000Z
year,קוסטה ריקה,כתום,2,2260,32,1.42,2021-10-10T00:00:00.000Z
year,אל סלבדור,כתום,2,42,0,0,2021-10-10T00:00:00.000Z
year,הולנד,כתום,2,27661,132,0.48,2021-10-10T00:00:00.000Z
year,ניו זילנד,צהוב,3,95,1,1.05,2021-10-10T00:00:00.000Z
year,נפאל,כתום,2,120,1,0.83,2021-10-10T00:00:00.000Z
year,גרנדה,כתום,2,26,0,0,2021-10-10T00:00:00.000Z
year,זמביה,כתום,2,227,1,0.44,2021-10-10T00:00:00.000Z
year,מולדובה,כתום,2,12100,179,1.48,2021-10-10T00:00:00.000Z
year,מרטיניק,כתום,2,3,0,0,2021-10-10T00:00:00.000Z
year,איי פאלקלנד,כתום,2,1,0,0,2021-10-10T00:00:00.000Z
year,ונצואלה,כתום,2,181,3,1.66,2021-10-10T00:00:00.000Z
year,פנמה,כתום,2,1238,14,1.13,2021-10-10T00:00:00.000Z
year,רומניה,כתום,2,40461,352,0.87,2021-10-10T00:00:00.000Z
year,שוויץ,כתום,2,36819,163,0.44,2021-10-10T00:00:00.000Z
year,איסלנד,כתום,2,7584,50,0.66,2021-10-10T00:00:00.000Z
year,איי מרשל,כתום,2,1,0,0,2021-10-10T00:00:00.000Z
year,קנדה,כתום,2,15644,33,0.21,2021-10-10T00:00:00.000Z
year,קוסובו,כתום,2,68,0,0,2021-10-10T00:00:00.000Z
year,דרום אפריקה,כתום,2,2060,14,0.68,2021-10-10T00:00:00.000Z
year,בורקינה פאסו,כתום,2,31,0,0,2021-10-10T00:00:00.000Z
year,קניה,כתום,2,1024,17,1.66,2021-10-10T00:00:00.000Z
year,קלדוניה החדשה,כתום,2,3,0,0,2021-10-10T00:00:00.000Z
year,גיבוטי,כתום,2,1,0,0,2021-10-10T00:00:00.000Z
year,צאד,כתום,2,17,0,0,2021-10-10T00:00:00.000Z
year,ונואטו,כתום,2,2,0,0,2021-10-10T00:00:00.000Z
year,ירדן,כתום,2,32066,187,0.58,2021-10-10T00:00:00.000Z
year,ויטנאם,כתום,2,78,0,0,2021-10-10T00:00:00.000Z
year,בלגיה,כתום,2,12835,51,0.4,2021-10-10T00:00:00.000Z
year,סוריה,כתום,2,531,0,0,2021-10-10T00:00:00.000Z
year,אירן,כתום,2,3,0,0,2021-10-10T00:00:00.000Z
year,מלדיבים,כתום,2,4786,25,0.52,2021-10-10T00:00:00.000Z
year,מוזמביק,כתום,2,90,0,0,2021-10-10T00:00:00.000Z
year,לאוס,כתום,2,2,0,0,2021-10-10T00:00:00.000Z
year,חוף השנהב,כתום,2,233,4,1.72,2021-10-10T00:00:00.000Z
year,פורטוגל,כתום,2,7070,25,0.35,2021-10-10T00:00:00.000Z
year,ניקרגואה,כתום,2,25,0,0,2021-10-10T00:00:00.000Z
year,מלטה,כתום,2,293,0,0,2021-10-10T00:00:00.000Z
year,אקואדור,כתום,2,285,2,0.7,2021-10-10T00:00:00.000Z
year,פורטו ריקו,כתום,2,34,0,0,2021-10-10T00:00:00.000Z
year,מונגוליה,כתום,2,11,0,0,2021-10-10T00:00:00.000Z
year,קפריסין,צהוב,3,56309,244,0.43,2021-10-10T00:00:00.000Z
year,גמביה,כתום,2,15,0,0,2021-10-10T00:00:00.000Z
year,רואנדה,כתום,2,336,2,0.6,2021-10-10T00:00:00.000Z
year,אנגליה,כתום,2,1,0,0,2021-10-10T00:00:00.000Z
year,גינאה החדשה,כתום,2,3,0,0,2021-10-10T00:00:00.000Z
year,ראוניון,כתום,2,9,0,0,2021-10-10T00:00:00.000Z
year,הונדורס,כתום,2,71,0,0,2021-10-10T00:00:00.000Z
year,סט וינסנט,כתום,2,9,1,11.11,2021-10-10T00:00:00.000Z
year,יפן,כתום,2,646,3,0.46,2021-10-10T00:00:00.000Z
year,פיליפינים,כתום,2,1494,18,1.2,2021-10-10T00:00:00.000Z
year,בהמס,כתום,2,42,0,0,2021-10-10T00:00:00.000Z
year,לטביה,כתום,2,2213,3,0.14,2021-10-10T00:00:00.000Z
year,בוליביה,כתום,2,87,0,0,2021-10-10T00:00:00.000Z
year,תורכמניסטאן,כתום,2,991,25,2.52,2021-10-10T00:00:00.000Z
year,טג'יקיסטאן,כתום,2,70,0,0,2021-10-10T00:00:00.000Z
year,טונגה,כתום,2,2,0,0,2021-10-10T00:00:00.000Z
year,ברמודה,כתום,2,5,0,0,2021-10-10T00:00:00.000Z
year,זאיר,כתום,2,146,1,0.68,2021-10-10T00:00:00.000Z
year,ספרד,כתום,2,20872,190,0.91,2021-10-10T00:00:00.000Z
year,איי פיגי,כתום,2,4,0,0,2021-10-10T00:00:00.000Z
year,מאלי,כתום,2,161,7,4.35,2021-10-10T00:00:00.000Z
year,איי הבתולה,כתום,2,6,0,0,2021-10-10T00:00:00.000Z
year,גאורגיה,כתום,2,55540,320,0.58,2021-10-10T00:00:00.000Z
year,תימן,כתום,2,7,0,0,2021-10-10T00:00:00.000Z
year,אסטוניה,כתום,2,777,5,0.64,2021-10-10T00:00:00.000Z
year,סומליה,כתום,2,4,0,0,2021-10-10T00:00:00.000Z
year,לוכסמבורג,כתום,2,186,0,0,2021-10-10T00:00:00.000Z
year,פקיסטן,כתום,2,3,0,0,2021-10-10T00:00:00.000Z
year,אזרביג'אן,כתום,2,3977,40,1.01,2021-10-10T00:00:00.000Z
year,הונג קונג,צהוב,3,423,2,0.47,2021-10-10T00:00:00.000Z
year,מונקו,כתום,2,109,4,3.67,2021-10-10T00:00:00.000Z
year,ברוניי,כתום,2,1,0,0,2021-10-10T00:00:00.000Z
year,סלובקיה,צהוב,3,1507,4,0.27,2021-10-10T00:00:00.000Z
year,לסוטו,כתום,2,15,0,0,2021-10-10T00:00:00.000Z
year,מקסיקו,כתום,2,1050,14,1.33,2021-10-10T00:00:00.000Z
year,איי קיימן,כתום,2,2,0,0,2021-10-10T00:00:00.000Z
year,אוסטרליה,כתום,2,1014,2,0.2,2021-10-10T00:00:00.000Z
year,פולין,צהוב,3,21826,98,0.45,2021-10-10T00:00:00.000Z
year,מדגסקר,כתום,2,7,0,0,2021-10-10T00:00:00.000Z
year,סט. לוציה,כתום,2,1,0,0,2021-10-10T00:00:00.000Z
year,בחריין,צהוב,3,240,0,0,2021-10-10T00:00:00.000Z
year,אלגיריה,כתום,2,9,0,0,2021-10-10T00:00:00.000Z
year,גיברלטר,כתום,2,104,0,0,2021-10-10T00:00:00.000Z
year,ארמניה,כתום,2,1230,15,1.22,2021-10-10T00:00:00.000Z
year,אורגוואי,צהוב,3,436,3,0.69,2021-10-10T00:00:00.000Z
year,גאנה,כתום,2,605,7,1.16,2021-10-10T00:00:00.000Z
year,גרמניה,כתום,2,64350,171,0.27,2021-10-10T00:00:00.000Z
year,צ'ילה,כתום,2,252,0,0,2021-10-10T00:00:00.000Z
year,קיריבטי,כתום,2,5,0,0,2021-10-10T00:00:00.000Z
year,סורינם,כתום,2,4,0,0,2021-10-10T00:00:00.000Z
year,גויאנה,כתום,2,6,0,0,2021-10-10T00:00:00.000Z
year,טוגו,כתום,2,80,0,0,2021-10-10T00:00:00.000Z
year,אבחזיסטאן,כתום,2,50,1,2,2021-10-10T00:00:00.000Z
year,אוגנדה,כתום,2,355,6,1.69,2021-10-10T00:00:00.000Z
year,דומיניקה,כתום,2,44,0,0,2021-10-10T00:00:00.000Z
year,טובלו,כתום,2,2,0,0,2021-10-10T00:00:00.000Z
year,ניגריה,כתום,2,790,5,0.63,2021-10-10T00:00:00.000Z
year,מלאווי,כתום,2,208,0,0,2021-10-10T00:00:00.000Z
year,בורונדי,כתום,2,10,0,0,2021-10-10T00:00:00.000Z
year,אוזבקיסטן,כתום,2,2449,104,4.25,2021-10-10T00:00:00.000Z
year,פרו,כתום,2,822,18,2.19,2021-10-10T00:00:00.000Z
year,תאילנד,כתום,2,6775,16,0.24,2021-10-10T00:00:00.000Z
LastMonth,גויאנה הצרפתית,כתום,2,11,0,0,2021-10-10T00:00:00.000Z
LastMonth,הרפ הדומיניקנית,כתום,2,364,4,1.1,2021-10-10T00:00:00.000Z
LastMonth,איי קייפ וורדה,כתום,2,1,0,0,2021-10-10T00:00:00.000Z
LastMonth,דרום סודאן,כתום,2,4,0,0,2021-10-10T00:00:00.000Z
LastMonth,איי טורקס וקייקוס,כתום,2,8,0,0,2021-10-10T00:00:00.000Z
LastMonth,ערב הסעודית,כתום,2,22,0,0,2021-10-10T00:00:00.000Z
LastMonth,רפ מרכז אפריקנית,כתום,2,1,0,0,2021-10-10T00:00:00.000Z
LastMonth,סיירה ליאונה,כתום,2,4,0,0,2021-10-10T00:00:00.000Z
LastMonth,קוסטה ריקה,כתום,2,1130,9,0.8,2021-10-10T00:00:00.000Z
LastMonth,אל סלבדור,כתום,2,14,0,0,2021-10-10T00:00:00.000Z
LastMonth,איחוד האמירויות הערב,כתום,2,6763,25,0.37,2021-10-10T00:00:00.000Z
LastMonth,ניו זילנד,צהוב,3,18,0,0,2021-10-10T00:00:00.000Z
LastMonth,האנטילים ההולנדים,כתום,2,12,0,0,2021-10-10T00:00:00.000Z
LastMonth,איי פאלקלנד,כתום,2,1,0,0,2021-10-10T00:00:00.000Z
LastMonth,דרום אפריקה,כתום,2,956,2,0.21,2021-10-10T00:00:00.000Z
LastMonth,בורקינה פאסו,כתום,2,5,0,0,2021-10-10T00:00:00.000Z
LastMonth,קלדוניה החדשה,כתום,2,1,0,0,2021-10-10T00:00:00.000Z
LastMonth,קוריאה הדרומית,כתום,2,128,0,0,2021-10-10T00:00:00.000Z
LastMonth,חוף השנהב,כתום,2,43,1,2.33,2021-10-10T00:00:00.000Z
LastMonth,פורטו ריקו,כתום,2,6,0,0,2021-10-10T00:00:00.000Z
LastMonth,אנטיגואה וברבודה,כתום,2,4,0,0,2021-10-10T00:00:00.000Z
LastMonth,פיליפינים,כתום,2,144,0,0,2021-10-10T00:00:00.000Z
LastMonth,מיאנמר (בורמה),כתום,2,4,0,0,2021-10-10T00:00:00.000Z
LastMonth,תורכמניסטאן,כתום,2,11,0,0,2021-10-10T00:00:00.000Z
LastMonth,טג'יקיסטאן,כתום,2,12,0,0,2021-10-10T00:00:00.000Z
LastMonth,הממלכה המאוחדת,כתום,2,19282,53,0.27,2021-10-10T00:00:00.000Z
LastMonth,פולינזיה הצרפתית,כתום,2,7,0,0,2021-10-10T00:00:00.000Z
LastMonth,לוכסמבורג,כתום,2,39,0,0,2021-10-10T00:00:00.000Z
LastMonth,אזרביג'אן,כתום,2,1340,2,0.15,2021-10-10T00:00:00.000Z
LastMonth,בוסניה הרצגובינה,כתום,2,534,6,1.12,2021-10-10T00:00:00.000Z
LastMonth,גינאה המשוונית,כתום,2,6,0,0,2021-10-10T00:00:00.000Z
LastMonth,הונג קונג,צהוב,3,118,1,0.85,2021-10-10T00:00:00.000Z
LastMonth,סט. לוציה,כתום,2,1,0,0,2021-10-10T00:00:00.000Z
LastMonth,אבחזיסטאן,כתום,2,13,1,7.69,2021-10-10T00:00:00.000Z
LastMonth,אוזבקיסטן,כתום,2,669,3,0.45,2021-10-10T00:00:00.000Z
LastMonth,איי גילברט ואליס,כתום,2,2,0,0,2021-10-10T00:00:00.000Z
LastMonth,ארצות הברית,כתום,2,64261,412,0.64,2021-10-10T00:00:00.000Z
LastMonth,זימבאבווה,כתום,2,23,0,0,2021-10-10T00:00:00.000Z
LastMonth,קירג'זסטאן,כתום,2,138,0,0,2021-10-10T00:00:00.000Z
LastMonth,מאוריציוס,כתום,2,14,0,0,2021-10-10T00:00:00.000Z
LastMonth,בילורוסיה,כתום,2,2114,37,1.75,2021-10-10T00:00:00.000Z
LastMonth,אינדונזיה,כתום,2,7,0,0,2021-10-10T00:00:00.000Z
LastMonth,איי סיישל,כתום,2,1870,1,0.05,2021-10-10T00:00:00.000Z
LastMonth,סרי לנקה (צילון),כתום,2,194,0,0,2021-10-10T00:00:00.000Z
LastMonth,בנין (דהומי),כתום,2,1,0,0,2021-10-10T00:00:00.000Z
month3,גויאנה הצרפתית,כתום,2,23,1,4.35,2021-10-10T00:00:00.000Z
month3,הרפ הדומיניקנית,כתום,2,551,5,0.91,2021-10-10T00:00:00.000Z
month3,איי קייפ וורדה,כתום,2,1,0,0,2021-10-10T00:00:00.000Z
month3,איי שלמה הבריטיים,כתום,2,2,0,0,2021-10-10T00:00:00.000Z
month3,איי טורקס וקייקוס,כתום,2,94,1,1.06,2021-10-10T00:00:00.000Z
month3,רפ מרכז אפריקנית,כתום,2,10,0,0,2021-10-10T00:00:00.000Z
month3,סיירה ליאונה,כתום,2,11,0,0,2021-10-10T00:00:00.000Z
month3,איחוד האמירויות הערב,כתום,2,9864,50,0.51,2021-10-10T00:00:00.000Z
month3,האנטילים ההולנדים,כתום,2,52,0,0,2021-10-10T00:00:00.000Z
month3,בורקינה פאסו,כתום,2,26,0,0,2021-10-10T00:00:00.000Z
month3,קלדוניה החדשה,כתום,2,2,0,0,2021-10-10T00:00:00.000Z
month3,קוריאה הדרומית,כתום,2,381,0,0,2021-10-10T00:00:00.000Z
month3,אנטיגואה וברבודה,כתום,2,6,0,0,2021-10-10T00:00:00.000Z
month3,מיאנמר (בורמה),כתום,2,9,0,0,2021-10-10T00:00:00.000Z
month3,הממלכה המאוחדת,כתום,2,41711,313,0.75,2021-10-10T00:00:00.000Z
month3,פולינזיה הצרפתית,כתום,2,19,0,0,2021-10-10T00:00:00.000Z
month3,בוסניה הרצגובינה,כתום,2,1586,22,1.39,2021-10-10T00:00:00.000Z
month3,גינאה המשוונית,כתום,2,15,0,0,2021-10-10T00:00:00.000Z
month3,טרינידד וטובגו,כתום,2,1,0,0,2021-10-10T00:00:00.000Z
month3,איי גילברט ואליס,כתום,2,25,0,0,2021-10-10T00:00:00.000Z
month3,סרי לנקה (צילון),כתום,2,370,2,0.54,2021-10-10T00:00:00.000Z
month3,סאו טומה ופרינציפה,כתום,2,2,0,0,2021-10-10T00:00:00.000Z
month3,בנין (דהומי),כתום,2,5,0,0,2021-10-10T00:00:00.000Z
month6,גויאנה הצרפתית,כתום,2,37,1,2.7,2021-10-10T00:00:00.000Z
month6,הרפ הדומיניקנית,כתום,2,628,5,0.8,2021-10-10T00:00:00.000Z
month6,איי קייפ וורדה,כתום,2,4,0,0,2021-10-10T00:00:00.000Z
month6,איי שלמה הבריטיים,כתום,2,2,0,0,2021-10-10T00:00:00.000Z
month6,איי טורקס וקייקוס,כתום,2,142,1,0.7,2021-10-10T00:00:00.000Z
month6,רפ מרכז אפריקנית,כתום,2,14,0,0,2021-10-10T00:00:00.000Z
month6,סיירה ליאונה,כתום,2,22,0,0,2021-10-10T00:00:00.000Z
month6,איחוד האמירויות הערב,כתום,2,29733,92,0.31,2021-10-10T00:00:00.000Z
month6,האנטילים ההולנדים,כתום,2,63,0,0,2021-10-10T00:00:00.000Z
month6,בורקינה פאסו,כתום,2,31,0,0,2021-10-10T00:00:00.000Z
month6,קלדוניה החדשה,כתום,2,3,0,0,2021-10-10T00:00:00.000Z
month6,קוריאה הדרומית,כתום,2,650,0,0,2021-10-10T00:00:00.000Z
month6,אנטיגואה וברבודה,כתום,2,10,0,0,2021-10-10T00:00:00.000Z
month6,מיאנמר (בורמה),כתום,2,9,0,0,2021-10-10T00:00:00.000Z
month6,הממלכה המאוחדת,כתום,2,64107,377,0.59,2021-10-10T00:00:00.000Z
month6,איי ווליס ופוטונה,כתום,2,5,0,0,2021-10-10T00:00:00.000Z
month6,קוריאה הצפונית,כתום,2,5,0,0,2021-10-10T00:00:00.000Z
month6,פולינזיה הצרפתית,כתום,2,22,0,0,2021-10-10T00:00:00.000Z
month6,בוסניה הרצגובינה,כתום,2,1693,22,1.3,2021-10-10T00:00:00.000Z
month6,גינאה המשוונית,כתום,2,51,0,0,2021-10-10T00:00:00.000Z
month6,טרינידד וטובגו,כתום,2,1,0,0,2021-10-10T00:00:00.000Z
month6,איי גילברט ואליס,כתום,2,30,0,0,2021-10-10T00:00:00.000Z
month6,סרי לנקה (צילון),כתום,2,457,2,0.44,2021-10-10T00:00:00.000Z
month6,סאו טומה ופרינציפה,כתום,2,3,0,0,2021-10-10T00:00:00.000Z
month6,בנין (דהומי),כתום,2,5,0,0,2021-10-10T00:00:00.000Z
year,גויאנה הצרפתית,כתום,2,37,1,2.7,2021-10-10T00:00:00.000Z
year,הרפ הדומיניקנית,כתום,2,628,5,0.8,2021-10-10T00:00:00.000Z
year,איי קייפ וורדה,כתום,2,4,0,0,2021-10-10T00:00:00.000Z
year,איי שלמה הבריטיים,כתום,2,2,0,0,2021-10-10T00:00:00.000Z
year,איי טורקס וקייקוס,כתום,2,142,1,0.7,2021-10-10T00:00:00.000Z
year,רפ מרכז אפריקנית,כתום,2,14,0,0,2021-10-10T00:00:00.000Z
year,איחוד האמירויות הערב,כתום,2,29733,92,0.31,2021-10-10T00:00:00.000Z
year,האנטילים ההולנדים,כתום,2,63,0,0,2021-10-10T00:00:00.000Z
year,קוריאה הדרומית,כתום,2,650,0,0,2021-10-10T00:00:00.000Z
year,אנטיגואה וברבודה,כתום,2,10,0,0,2021-10-10T00:00:00.000Z
year,מיאנמר (בורמה),כתום,2,9,0,0,2021-10-10T00:00:00.000Z
year,הממלכה המאוחדת,כתום,2,64107,377,0.59,2021-10-10T00:00:00.000Z
year,איי ווליס ופוטונה,כתום,2,5,0,0,2021-10-10T00:00:00.000Z
year,קוריאה הצפונית,כתום,2,5,0,0,2021-10-10T00:00:00.000Z
year,פולינזיה הצרפתית,כתום,2,22,0,0,2021-10-10T00:00:00.000Z
year,בוסניה הרצגובינה,כתום,2,1693,22,1.3,2021-10-10T00:00:00.000Z
year,גינאה המשוונית,כתום,2,51,0,0,2021-10-10T00:00:00.000Z
year,טרינידד וטובגו,כתום,2,1,0,0,2021-10-10T00:00:00.000Z
year,איי גילברט ואליס,כתום,2,30,0,0,2021-10-10T00:00:00.000Z
year,סרי לנקה (צילון),כתום,2,457,2,0.44,2021-10-10T00:00:00.000Z
year,סאו טומה ופרינציפה,כתום,2,3,0,0,2021-10-10T00:00:00.000Z
UpToNow,גויאנה הצרפתית,כתום,2,37,1,2.7,2021-10-10T00:00:00.000Z
UpToNow,הרפ הדומיניקנית,כתום,2,628,5,0.8,2021-10-10T00:00:00.000Z
UpToNow,איי קייפ וורדה,כתום,2,4,0,0,2021-10-10T00:00:00.000Z
UpToNow,איי שלמה הבריטיים,כתום,2,2,0,0,2021-10-10T00:00:00.000Z
UpToNow,איי טורקס וקייקוס,כתום,2,142,1,0.7,2021-10-10T00:00:00.000Z
UpToNow,רפ מרכז אפריקנית,כתום,2,14,0,0,2021-10-10T00:00:00.000Z
UpToNow,סיירה ליאונה,כתום,2,22,0,0,2021-10-10T00:00:00.000Z
UpToNow,איחוד האמירויות הערב,כתום,2,29733,92,0.31,2021-10-10T00:00:00.000Z
UpToNow,האנטילים ההולנדים,כתום,2,63,0,0,2021-10-10T00:00:00.000Z
UpToNow,איי פאלקלנד,כתום,2,1,0,0,2021-10-10T00:00:00.000Z
UpToNow,דרום אפריקה,כתום,2,2060,14,0.68,2021-10-10T00:00:00.000Z
UpToNow,בורקינה פאסו,כתום,2,31,0,0,2021-10-10T00:00:00.000Z
UpToNow,קלדוניה החדשה,כתום,2,3,0,0,2021-10-10T00:00:00.000Z
UpToNow,קוריאה הדרומית,כתום,2,650,0,0,2021-10-10T00:00:00.000Z
UpToNow,אנטיגואה וברבודה,כתום,2,10,0,0,2021-10-10T00:00:00.000Z
UpToNow,גינאה החדשה,כתום,2,3,0,0,2021-10-10T00:00:00.000Z
UpToNow,מיאנמר (בורמה),כתום,2,9,0,0,2021-10-10T00:00:00.000Z
UpToNow,תורכמניסטאן,כתום,2,991,25,2.52,2021-10-10T00:00:00.000Z
UpToNow,הממלכה המאוחדת,כתום,2,64107,377,0.59,2021-10-10T00:00:00.000Z
UpToNow,איי ווליס ופוטונה,כתום,2,5,0,0,2021-10-10T00:00:00.000Z
UpToNow,קוריאה הצפונית,כתום,2,5,0,0,2021-10-10T00:00:00.000Z
UpToNow,פולינזיה הצרפתית,כתום,2,22,0,0,2021-10-10T00:00:00.000Z
UpToNow,בוסניה הרצגובינה,כתום,2,1693,22,1.3,2021-10-10T00:00:00.000Z
UpToNow,גינאה המשוונית,כתום,2,51,0,0,2021-10-10T00:00:00.000Z
UpToNow,טרינידד וטובגו,כתום,2,1,0,0,2021-10-10T00:00:00.000Z
UpToNow,איי גילברט ואליס,כתום,2,30,0,0,2021-10-10T00:00:00.000Z
UpToNow,ארצות הברית,כתום,2,288890,1735,0.6,2021-10-10T00:00:00.000Z
UpToNow,איי נורפולק,כתום,2,2,0,0,2021-10-10T00:00:00.000Z
UpToNow,סרי לנקה (צילון),כתום,2,457,2,0.44,2021-10-10T00:00:00.000Z
UpToNow,סאו טומה ופרינציפה,כתום,2,3,0,0,2021-10-10T00:00:00.000Z
UpToNow,בנין (דהומי),כתום,2,5,0,0,2021-10-10T00:00:00.000Z
