priod_Desc,visited_country,colorName,color_number,sum_arrived,sum_positived,percent_positive,last_update_date,israeli_positive,foreigner_positive
year,ונואטו,כתום,2,2,0,0,2021-12-06T00:00:00.000Z,0,0
year,ירדן,כתום,2,40510,200,0.49,2021-12-06T00:00:00.000Z,194,5
year,ויטנאם,כתום,2,398,0,0,2021-12-06T00:00:00.000Z,0,0
year,הונג קונג,כתום,2,819,8,0.98,2021-12-06T00:00:00.000Z,2,6
year,בורונדי,אדום,1,12,0,0,2021-12-06T00:00:00.000Z,0,0
year,בלגיה,כתום,2,19859,64,0.32,2021-12-06T00:00:00.000Z,51,13
year,סוריה,כתום,2,502,0,0,2021-12-06T00:00:00.000Z,0,0
year,אירן,כתום,2,3,0,0,2021-12-06T00:00:00.000Z,0,0
year,מלדיבים,כתום,2,5942,25,0.42,2021-12-06T00:00:00.000Z,24,0
year,לאוס,כתום,2,7,0,0,2021-12-06T00:00:00.000Z,0,0
year,פורטוגל,כתום,2,13902,31,0.22,2021-12-06T00:00:00.000Z,30,1
year,ניגר,אדום,1,14,0,0,2021-12-06T00:00:00.000Z,0,0
year,ניקרגואה,כתום,2,36,0,0,2021-12-06T00:00:00.000Z,0,0
year,מלטה,כתום,2,1609,2,0.12,2021-12-06T00:00:00.000Z,2,0
year,אקואדור,כתום,2,471,2,0.42,2021-12-06T00:00:00.000Z,2,0
year,פורטו ריקו,כתום,2,152,0,0,2021-12-06T00:00:00.000Z,0,0
year,מונגוליה,כתום,2,25,0,0,2021-12-06T00:00:00.000Z,0,0
year,מוזמביק,אדום,1,115,0,0,2021-12-06T00:00:00.000Z,0,0
year,טוגו,אדום,1,106,0,0,2021-12-06T00:00:00.000Z,0,0
year,גינאה החדשה,כתום,2,3,0,0,2021-12-06T00:00:00.000Z,0,0
year,מאוריציוס,אדום,1,306,1,0.33,2021-12-06T00:00:00.000Z,1,0
year,בוטן,כתום,2,20,0,0,2021-12-06T00:00:00.000Z,0,0
year,הונדורס,כתום,2,117,0,0,2021-12-06T00:00:00.000Z,0,0
year,סט וינסנט,כתום,2,9,1,11.11,2021-12-06T00:00:00.000Z,1,0
UpToNow,צרפת,כתום,2,147767,513,0.35,2021-12-06T00:00:00.000Z,447,63
UpToNow,ניגריה,אדום,1,1077,7,0.65,2021-12-06T00:00:00.000Z,7,0
UpToNow,מקדוניה,כתום,2,248,2,0.81,2021-12-06T00:00:00.000Z,1,1
UpToNow,גיבוטי,אדום,1,2,0,0,2021-12-06T00:00:00.000Z,0,0
UpToNow,סלובניה,כתום,2,1668,7,0.42,2021-12-06T00:00:00.000Z,7,0
UpToNow,קזחסטאן,כתום,2,1032,28,2.71,2021-12-06T00:00:00.000Z,22,6
UpToNow,בוטסואנה,אדום,1,150,0,0,2021-12-06T00:00:00.000Z,0,0
UpToNow,פאפואה,כתום,2,18,0,0,2021-12-06T00:00:00.000Z,0,0
UpToNow,גינאה,אדום,1,39,2,5.13,2021-12-06T00:00:00.000Z,2,0
UpToNow,גואם,כתום,2,2,0,0,2021-12-06T00:00:00.000Z,0,0
UpToNow,סינגפור,כתום,2,856,2,0.23,2021-12-06T00:00:00.000Z,1,1
UpToNow,אתיופיה,אדום,1,5354,49,0.92,2021-12-06T00:00:00.000Z,44,2
UpToNow,מאלי,אדום,1,175,7,4,2021-12-06T00:00:00.000Z,5,2
UpToNow,אלבניה,כתום,2,1881,10,0.53,2021-12-06T00:00:00.000Z,10,0
UpToNow,אירלנד,כתום,2,1858,2,0.11,2021-12-06T00:00:00.000Z,1,1
UpToNow,סומליה,אדום,1,3,0,0,2021-12-06T00:00:00.000Z,0,0
UpToNow,איי קוק,כתום,2,4,0,0,2021-12-06T00:00:00.000Z,0,0
UpToNow,קפריסין,כתום,2,80716,264,0.33,2021-12-06T00:00:00.000Z,257,6
UpToNow,כווית,כתום,2,14,0,0,2021-12-06T00:00:00.000Z,0,0
UpToNow,סין,כתום,2,3165,6,0.19,2021-12-06T00:00:00.000Z,1,5
UpToNow,חוף השנהב,אדום,1,315,4,1.27,2021-12-06T00:00:00.000Z,3,1
UpToNow,האיטי,כתום,2,8,0,0,2021-12-06T00:00:00.000Z,0,0
UpToNow,איטליה,כתום,2,108111,171,0.16,2021-12-06T00:00:00.000Z,163,8
LastMonth,זאיר,אדום,1,29,0,0,2021-12-06T00:00:00.000Z,0,0
LastMonth,מונטנגרו,כתום,2,418,1,0.24,2021-12-06T00:00:00.000Z,1,0
LastMonth,לבנון,כתום,2,4,0,0,2021-12-06T00:00:00.000Z,0,0
LastMonth,לסוטו,אדום,1,1,0,0,2021-12-06T00:00:00.000Z,0,0
LastMonth,ברבדוס,כתום,2,7,0,0,2021-12-06T00:00:00.000Z,0,0
LastMonth,ליטא,כתום,2,1388,1,0.07,2021-12-06T00:00:00.000Z,1,0
LastMonth,שוודיה,כתום,2,581,0,0,2021-12-06T00:00:00.000Z,0,0
LastMonth,בולגריה,כתום,2,4165,4,0.1,2021-12-06T00:00:00.000Z,4,0
LastMonth,דנמרק,כתום,2,868,1,0.12,2021-12-06T00:00:00.000Z,0,1
LastMonth,קובה,כתום,2,8,0,0,2021-12-06T00:00:00.000Z,0,0
LastMonth,קטר,כתום,2,26,1,3.85,2021-12-06T00:00:00.000Z,0,1
LastMonth,סודן,כתום,2,1,0,0,2021-12-06T00:00:00.000Z,0,0
LastMonth,אוקראינה,כתום,2,14081,40,0.28,2021-12-06T00:00:00.000Z,33,7
LastMonth,גמייקה,כתום,2,10,0,0,2021-12-06T00:00:00.000Z,0,0
LastMonth,תוניסיה,כתום,2,36,0,0,2021-12-06T00:00:00.000Z,0,0
LastMonth,הודו,כתום,2,2059,7,0.34,2021-12-06T00:00:00.000Z,1,6
LastMonth,עומן,כתום,2,8,0,0,2021-12-06T00:00:00.000Z,0,0
LastMonth,בליז,כתום,2,8,0,0,2021-12-06T00:00:00.000Z,0,0
LastMonth,מלזיה,כתום,2,5,0,0,2021-12-06T00:00:00.000Z,0,0
LastMonth,נמיביה,אדום,1,27,1,3.7,2021-12-06T00:00:00.000Z,1,0
LastMonth,קונגו,אדום,1,10,0,0,2021-12-06T00:00:00.000Z,0,0
LastMonth,הולנד,כתום,2,10535,15,0.14,2021-12-06T00:00:00.000Z,12,3
LastMonth,טנזניה,אדום,1,255,0,0,2021-12-06T00:00:00.000Z,0,0
LastMonth,נפאל,כתום,2,206,1,0.49,2021-12-06T00:00:00.000Z,0,1
LastMonth,גרנדה,כתום,2,6,0,0,2021-12-06T00:00:00.000Z,0,0
LastMonth,ליבריה,אדום,1,6,0,0,2021-12-06T00:00:00.000Z,0,0
LastMonth,מולדובה,כתום,2,1330,1,0.08,2021-12-06T00:00:00.000Z,0,1
LastMonth,רואנדה,אדום,1,211,0,0,2021-12-06T00:00:00.000Z,0,0
LastMonth,זמביה,אדום,1,57,0,0,2021-12-06T00:00:00.000Z,0,0
LastMonth,ונצואלה,כתום,2,23,0,0,2021-12-06T00:00:00.000Z,0,0
LastMonth,מלאווי,אדום,1,15,0,0,2021-12-06T00:00:00.000Z,0,0
LastMonth,פנמה,כתום,2,127,0,0,2021-12-06T00:00:00.000Z,0,0
LastMonth,רומניה,כתום,2,5216,4,0.08,2021-12-06T00:00:00.000Z,2,2
LastMonth,שוויץ,כתום,2,6132,6,0.1,2021-12-06T00:00:00.000Z,4,2
LastMonth,איסלנד,כתום,2,62,0,0,2021-12-06T00:00:00.000Z,0,0
LastMonth,קנדה,כתום,2,3669,2,0.05,2021-12-06T00:00:00.000Z,2,0
LastMonth,קוסובו,כתום,2,21,0,0,2021-12-06T00:00:00.000Z,0,0
LastMonth,גבון,אדום,1,6,0,0,2021-12-06T00:00:00.000Z,0,0
LastMonth,ירדן,כתום,2,6211,7,0.11,2021-12-06T00:00:00.000Z,7,0
LastMonth,ויטנאם,כתום,2,33,0,0,2021-12-06T00:00:00.000Z,0,0
LastMonth,בורונדי,אדום,1,2,0,0,2021-12-06T00:00:00.000Z,0,0
LastMonth,בלגיה,כתום,2,4389,4,0.09,2021-12-06T00:00:00.000Z,3,1
LastMonth,מלדיבים,כתום,2,725,0,0,2021-12-06T00:00:00.000Z,0,0
LastMonth,לאוס,כתום,2,3,0,0,2021-12-06T00:00:00.000Z,0,0
LastMonth,פורטוגל,כתום,2,4055,4,0.1,2021-12-06T00:00:00.000Z,4,0
LastMonth,ניגר,אדום,1,1,0,0,2021-12-06T00:00:00.000Z,0,0
LastMonth,ניקרגואה,כתום,2,4,0,0,2021-12-06T00:00:00.000Z,0,0
LastMonth,מלטה,כתום,2,1206,2,0.17,2021-12-06T00:00:00.000Z,2,0
LastMonth,אקואדור,כתום,2,116,0,0,2021-12-06T00:00:00.000Z,0,0
LastMonth,מונגוליה,כתום,2,12,0,0,2021-12-06T00:00:00.000Z,0,0
LastMonth,מוזמביק,אדום,1,21,0,0,2021-12-06T00:00:00.000Z,0,0
LastMonth,טוגו,אדום,1,12,0,0,2021-12-06T00:00:00.000Z,0,0
LastMonth,בוטן,כתום,2,1,0,0,2021-12-06T00:00:00.000Z,0,0
LastMonth,הונדורס,כתום,2,36,0,0,2021-12-06T00:00:00.000Z,0,0
LastMonth,קניה,אדום,1,295,0,0,2021-12-06T00:00:00.000Z,0,0
LastMonth,יפן,כתום,2,106,0,0,2021-12-06T00:00:00.000Z,0,0
LastMonth,בהמס,כתום,2,12,0,0,2021-12-06T00:00:00.000Z,0,0
LastMonth,לטביה,כתום,2,407,0,0,2021-12-06T00:00:00.000Z,0,0
LastMonth,בוליביה,כתום,2,21,0,0,2021-12-06T00:00:00.000Z,0,0
LastMonth,טונגה,כתום,2,2,0,0,2021-12-06T00:00:00.000Z,0,0
LastMonth,מדגסקר,אדום,1,5,1,20,2021-12-06T00:00:00.000Z,0,1
LastMonth,סנגל,אדום,1,35,0,0,2021-12-06T00:00:00.000Z,0,0
LastMonth,ספרד,כתום,2,13935,11,0.08,2021-12-06T00:00:00.000Z,10,1
LastMonth,איי פיגי,כתום,2,1,0,0,2021-12-06T00:00:00.000Z,0,0
LastMonth,גאורגיה,כתום,2,12512,19,0.15,2021-12-06T00:00:00.000Z,18,1
LastMonth,תימן,כתום,2,14,0,0,2021-12-06T00:00:00.000Z,0,0
LastMonth,גמביה,אדום,1,8,0,0,2021-12-06T00:00:00.000Z,0,0
LastMonth,אסטוניה,כתום,2,174,0,0,2021-12-06T00:00:00.000Z,0,0
LastMonth,בחריין,כתום,2,567,0,0,2021-12-06T00:00:00.000Z,0,0
LastMonth,פקיסטן,כתום,2,2,0,0,2021-12-06T00:00:00.000Z,0,0
LastMonth,צכיה,כתום,2,12693,24,0.19,2021-12-06T00:00:00.000Z,21,3
LastMonth,אנגולה,אדום,1,118,0,0,2021-12-06T00:00:00.000Z,0,0
LastMonth,מונקו,כתום,2,26,0,0,2021-12-06T00:00:00.000Z,0,0
LastMonth,מקסיקו,כתום,2,668,2,0.3,2021-12-06T00:00:00.000Z,2,0
LastMonth,אוסטרליה,כתום,2,619,0,0,2021-12-06T00:00:00.000Z,0,0
LastMonth,אורגוואי,כתום,2,139,0,0,2021-12-06T00:00:00.000Z,0,0
LastMonth,אלגיריה,כתום,2,1,0,0,2021-12-06T00:00:00.000Z,0,0
LastMonth,טיוואן,כתום,2,16,0,0,2021-12-06T00:00:00.000Z,0,0
LastMonth,גיברלטר,כתום,2,5,0,0,2021-12-06T00:00:00.000Z,0,0
LastMonth,ארמניה,כתום,2,81,0,0,2021-12-06T00:00:00.000Z,0,0
LastMonth,גרמניה,כתום,2,21169,37,0.17,2021-12-06T00:00:00.000Z,31,6
LastMonth,צ'ילה,כתום,2,128,0,0,2021-12-06T00:00:00.000Z,0,0
LastMonth,אוסטריה,כתום,2,9108,9,0.1,2021-12-06T00:00:00.000Z,7,2
LastMonth,סורינם,כתום,2,3,0,0,2021-12-06T00:00:00.000Z,0,0
LastMonth,גויאנה,כתום,2,9,0,0,2021-12-06T00:00:00.000Z,0,0
LastMonth,דומיניקה,כתום,2,11,0,0,2021-12-06T00:00:00.000Z,0,0
LastMonth,טובלו,כתום,2,2,0,0,2021-12-06T00:00:00.000Z,0,0
LastMonth,פרו,כתום,2,131,0,0,2021-12-06T00:00:00.000Z,0,0
LastMonth,סלובקיה,כתום,2,34,0,0,2021-12-06T00:00:00.000Z,0,0
LastMonth,גואדאלופ,כתום,2,2,0,0,2021-12-06T00:00:00.000Z,0,0
LastMonth,תאילנד,כתום,2,2453,20,0.82,2021-12-06T00:00:00.000Z,20,0
LastMonth,גאנה,אדום,1,98,0,0,2021-12-06T00:00:00.000Z,0,0
LastMonth,אוגנדה,אדום,1,195,0,0,2021-12-06T00:00:00.000Z,0,0
LastMonth,קמבודיה,כתום,2,22,1,4.55,2021-12-06T00:00:00.000Z,0,1
LastMonth,קולומביה,כתום,2,319,0,0,2021-12-06T00:00:00.000Z,0,0
LastMonth,הונגריה,כתום,2,19265,53,0.28,2021-12-06T00:00:00.000Z,51,2
LastMonth,מקאו,כתום,2,7,0,0,2021-12-06T00:00:00.000Z,0,0
LastMonth,תורכיה,כתום,2,49285,99,0.2,2021-12-06T00:00:00.000Z,97,2
LastMonth,אפגניסטן,כתום,2,3,0,0,2021-12-06T00:00:00.000Z,0,0
LastMonth,פינלנד,כתום,2,326,0,0,2021-12-06T00:00:00.000Z,0,0
LastMonth,מרוקו,כתום,2,3881,1,0.03,2021-12-06T00:00:00.000Z,1,0
LastMonth,סווזילנד,אדום,1,1,0,0,2021-12-06T00:00:00.000Z,0,0
LastMonth,רוסיה,כתום,2,6235,26,0.42,2021-12-06T00:00:00.000Z,23,3
LastMonth,קרואטיה,כתום,2,137,0,0,2021-12-06T00:00:00.000Z,0,0
LastMonth,עירק,כתום,2,9,0,0,2021-12-06T00:00:00.000Z,0,0
LastMonth,סרביה,כתום,2,304,0,0,2021-12-06T00:00:00.000Z,0,0
LastMonth,ארגנטינה,כתום,2,540,0,0,2021-12-06T00:00:00.000Z,0,0
LastMonth,ראוניון,אדום,1,3,0,0,2021-12-06T00:00:00.000Z,0,0
LastMonth,בנגלדש,כתום,2,3,0,0,2021-12-06T00:00:00.000Z,0,0
LastMonth,פרגוואי,כתום,2,17,0,0,2021-12-06T00:00:00.000Z,0,0
LastMonth,צאד,אדום,1,7,0,0,2021-12-06T00:00:00.000Z,0,0
LastMonth,קמרון,אדום,1,22,0,0,2021-12-06T00:00:00.000Z,0,0
LastMonth,מצרים,כתום,2,15382,20,0.13,2021-12-06T00:00:00.000Z,20,0
LastMonth,פולין,כתום,2,9125,19,0.21,2021-12-06T00:00:00.000Z,16,3
LastMonth,גווטאמלה,כתום,2,43,0,0,2021-12-06T00:00:00.000Z,0,0
LastMonth,יוון,כתום,2,15388,12,0.08,2021-12-06T00:00:00.000Z,11,1
LastMonth,ברזיל,כתום,2,926,2,0.22,2021-12-06T00:00:00.000Z,2,0
LastMonth,אנדורה,כתום,2,6,0,0,2021-12-06T00:00:00.000Z,0,0
LastMonth,נורבגיה,כתום,2,462,0,0,2021-12-06T00:00:00.000Z,0,0
LastMonth,צרפת,כתום,2,30653,64,0.21,2021-12-06T00:00:00.000Z,52,12
LastMonth,ניגריה,אדום,1,156,1,0.64,2021-12-06T00:00:00.000Z,1,0
LastMonth,מקדוניה,כתום,2,27,0,0,2021-12-06T00:00:00.000Z,0,0
LastMonth,גיבוטי,אדום,1,1,0,0,2021-12-06T00:00:00.000Z,0,0
LastMonth,סלובניה,כתום,2,65,0,0,2021-12-06T00:00:00.000Z,0,0
LastMonth,קזחסטאן,כתום,2,118,1,0.85,2021-12-06T00:00:00.000Z,1,0
LastMonth,בוטסואנה,אדום,1,14,0,0,2021-12-06T00:00:00.000Z,0,0
LastMonth,פאפואה,כתום,2,5,0,0,2021-12-06T00:00:00.000Z,0,0
LastMonth,גינאה,אדום,1,4,0,0,2021-12-06T00:00:00.000Z,0,0
LastMonth,גואם,כתום,2,1,0,0,2021-12-06T00:00:00.000Z,0,0
LastMonth,סינגפור,כתום,2,284,0,0,2021-12-06T00:00:00.000Z,0,0
LastMonth,אתיופיה,אדום,1,801,1,0.12,2021-12-06T00:00:00.000Z,1,0
LastMonth,מאלי,אדום,1,8,0,0,2021-12-06T00:00:00.000Z,0,0
LastMonth,אלבניה,כתום,2,145,1,0.69,2021-12-06T00:00:00.000Z,1,0
LastMonth,אירלנד,כתום,2,386,2,0.52,2021-12-06T00:00:00.000Z,1,1
LastMonth,קפריסין,כתום,2,13172,11,0.08,2021-12-06T00:00:00.000Z,9,2
LastMonth,כווית,כתום,2,7,0,0,2021-12-06T00:00:00.000Z,0,0
LastMonth,סין,כתום,2,383,0,0,2021-12-06T00:00:00.000Z,0,0
LastMonth,האיטי,כתום,2,4,0,0,2021-12-06T00:00:00.000Z,0,0
LastMonth,איטליה,כתום,2,33845,17,0.05,2021-12-06T00:00:00.000Z,16,1
month3,זאיר,אדום,1,92,0,0,2021-12-06T00:00:00.000Z,0,0
month3,מזרח טימור,כתום,2,1,0,0,2021-12-06T00:00:00.000Z,0,0
month3,מונטנגרו,כתום,2,5282,10,0.19,2021-12-06T00:00:00.000Z,10,0
month3,לבנון,כתום,2,17,0,0,2021-12-06T00:00:00.000Z,0,0
month3,לסוטו,אדום,1,5,0,0,2021-12-06T00:00:00.000Z,0,0
month3,ברבדוס,כתום,2,9,0,0,2021-12-06T00:00:00.000Z,0,0
month3,ליטא,כתום,2,3572,5,0.14,2021-12-06T00:00:00.000Z,5,0
month3,שוודיה,כתום,2,1457,0,0,2021-12-06T00:00:00.000Z,0,0
month3,בולגריה,כתום,2,7551,15,0.2,2021-12-06T00:00:00.000Z,15,0
month3,דנמרק,כתום,2,3412,4,0.12,2021-12-06T00:00:00.000Z,3,1
month3,קובה,כתום,2,21,1,4.76,2021-12-06T00:00:00.000Z,1,0
month3,קטר,כתום,2,69,1,1.45,2021-12-06T00:00:00.000Z,0,1
month3,סודן,כתום,2,1,0,0,2021-12-06T00:00:00.000Z,0,0
month3,סן מרינו,כתום,2,2,0,0,2021-12-06T00:00:00.000Z,0,0
month3,אוקראינה,כתום,2,62264,3658,5.87,2021-12-06T00:00:00.000Z,3608,50
month3,גמייקה,כתום,2,19,1,5.26,2021-12-06T00:00:00.000Z,0,1
month3,תוניסיה,כתום,2,121,0,0,2021-12-06T00:00:00.000Z,0,0
month3,הודו,כתום,2,4088,11,0.27,2021-12-06T00:00:00.000Z,1,10
month3,ערב הסעודית,כתום,2,132,0,0,2021-12-06T00:00:00.000Z,0,0
month3,עומן,כתום,2,13,0,0,2021-12-06T00:00:00.000Z,0,0
month3,בליז,כתום,2,12,0,0,2021-12-06T00:00:00.000Z,0,0
month3,מלזיה,כתום,2,9,0,0,2021-12-06T00:00:00.000Z,0,0
month3,קוסטה ריקה,כתום,2,1518,11,0.72,2021-12-06T00:00:00.000Z,11,0
month3,אל סלבדור,כתום,2,32,0,0,2021-12-06T00:00:00.000Z,0,0
month3,נמיביה,אדום,1,90,1,1.11,2021-12-06T00:00:00.000Z,1,0
month3,קונגו,אדום,1,17,0,0,2021-12-06T00:00:00.000Z,0,0
month3,הולנד,כתום,2,25142,43,0.17,2021-12-06T00:00:00.000Z,39,4
month3,טנזניה,אדום,1,1755,3,0.17,2021-12-06T00:00:00.000Z,3,0
month3,נפאל,כתום,2,341,2,0.59,2021-12-06T00:00:00.000Z,1,1
month3,גרנדה,כתום,2,24,0,0,2021-12-06T00:00:00.000Z,0,0
month3,ליבריה,אדום,1,17,0,0,2021-12-06T00:00:00.000Z,0,0
month3,מולדובה,כתום,2,5777,139,2.41,2021-12-06T00:00:00.000Z,112,27
month3,רואנדה,אדום,1,344,0,0,2021-12-06T00:00:00.000Z,0,0
month3,דרום סודאן,אדום,1,25,1,4,2021-12-06T00:00:00.000Z,1,0
month3,זמביה,אדום,1,167,0,0,2021-12-06T00:00:00.000Z,0,0
month3,איי פאלקלנד,כתום,2,2,0,0,2021-12-06T00:00:00.000Z,0,0
month3,ונצואלה,כתום,2,93,1,1.08,2021-12-06T00:00:00.000Z,0,1
month3,מלאווי,אדום,1,32,0,0,2021-12-06T00:00:00.000Z,0,0
month3,פנמה,כתום,2,799,11,1.38,2021-12-06T00:00:00.000Z,11,0
month3,רומניה,כתום,2,22560,111,0.49,2021-12-06T00:00:00.000Z,107,4
month3,שוויץ,כתום,2,20587,46,0.22,2021-12-06T00:00:00.000Z,34,12
month3,איסלנד,כתום,2,1614,1,0.06,2021-12-06T00:00:00.000Z,1,0
month3,קנדה,כתום,2,12893,14,0.11,2021-12-06T00:00:00.000Z,12,2
month3,קוסובו,כתום,2,48,0,0,2021-12-06T00:00:00.000Z,0,0
month3,גבון,אדום,1,20,0,0,2021-12-06T00:00:00.000Z,0,0
month3,דרום אפריקה,אדום,1,2657,17,0.64,2021-12-06T00:00:00.000Z,15,2
month3,ירדן,כתום,2,15205,56,0.37,2021-12-06T00:00:00.000Z,56,0
month3,ויטנאם,כתום,2,335,0,0,2021-12-06T00:00:00.000Z,0,0
month3,הונג קונג,כתום,2,530,7,1.32,2021-12-06T00:00:00.000Z,1,6
month3,בורונדי,אדום,1,3,0,0,2021-12-06T00:00:00.000Z,0,0
month3,בלגיה,כתום,2,9967,27,0.27,2021-12-06T00:00:00.000Z,18,9
month3,סוריה,כתום,2,19,0,0,2021-12-06T00:00:00.000Z,0,0
month3,אירן,כתום,2,2,0,0,2021-12-06T00:00:00.000Z,0,0
month3,מלדיבים,כתום,2,3029,2,0.07,2021-12-06T00:00:00.000Z,2,0
month3,לאוס,כתום,2,6,0,0,2021-12-06T00:00:00.000Z,0,0
month3,פורטוגל,כתום,2,8927,10,0.11,2021-12-06T00:00:00.000Z,9,1
month3,ניגר,אדום,1,2,0,0,2021-12-06T00:00:00.000Z,0,0
month3,ניקרגואה,כתום,2,19,0,0,2021-12-06T00:00:00.000Z,0,0
month3,מלטה,כתום,2,1348,2,0.15,2021-12-06T00:00:00.000Z,2,0
month3,אקואדור,כתום,2,318,2,0.63,2021-12-06T00:00:00.000Z,2,0
month3,פורטו ריקו,כתום,2,124,0,0,2021-12-06T00:00:00.000Z,0,0
month3,מונגוליה,כתום,2,17,0,0,2021-12-06T00:00:00.000Z,0,0
month3,מוזמביק,אדום,1,58,0,0,2021-12-06T00:00:00.000Z,0,0
month3,טוגו,אדום,1,45,0,0,2021-12-06T00:00:00.000Z,0,0
month3,מאוריציוס,אדום,1,278,1,0.36,2021-12-06T00:00:00.000Z,1,0
month3,בוטן,כתום,2,20,0,0,2021-12-06T00:00:00.000Z,0,0
month3,הונדורס,כתום,2,66,0,0,2021-12-06T00:00:00.000Z,0,0
month3,סט וינסנט,כתום,2,4,1,25,2021-12-06T00:00:00.000Z,1,0
month3,קניה,אדום,1,836,1,0.12,2021-12-06T00:00:00.000Z,1,0
month3,יפן,כתום,2,266,0,0,2021-12-06T00:00:00.000Z,0,0
month3,פיליפינים,כתום,2,694,0,0,2021-12-06T00:00:00.000Z,0,0
month3,בהמס,כתום,2,30,0,0,2021-12-06T00:00:00.000Z,0,0
month3,לטביה,כתום,2,1417,2,0.14,2021-12-06T00:00:00.000Z,2,0
month3,בוליביה,כתום,2,33,0,0,2021-12-06T00:00:00.000Z,0,0
month3,תורכמניסטאן,כתום,2,168,1,0.6,2021-12-06T00:00:00.000Z,1,0
month3,טג'יקיסטאן,כתום,2,31,0,0,2021-12-06T00:00:00.000Z,0,0
month3,זימבאבווה,אדום,1,70,0,0,2021-12-06T00:00:00.000Z,0,0
month3,טונגה,כתום,2,2,0,0,2021-12-06T00:00:00.000Z,0,0
month3,ברמודה,כתום,2,1,0,0,2021-12-06T00:00:00.000Z,0,0
month3,מדגסקר,אדום,1,6,1,16.67,2021-12-06T00:00:00.000Z,0,1
month3,סנגל,אדום,1,58,0,0,2021-12-06T00:00:00.000Z,0,0
month3,ספרד,כתום,2,32083,27,0.08,2021-12-06T00:00:00.000Z,25,2
month3,איי פיגי,כתום,2,5,0,0,2021-12-06T00:00:00.000Z,0,0
month3,נאורו,כתום,2,1,0,0,2021-12-06T00:00:00.000Z,0,0
month3,איי הבתולה,כתום,2,3,0,0,2021-12-06T00:00:00.000Z,0,0
month3,גאורגיה,כתום,2,36424,89,0.24,2021-12-06T00:00:00.000Z,88,1
month3,תימן,כתום,2,23,0,0,2021-12-06T00:00:00.000Z,0,0
month3,גמביה,אדום,1,24,0,0,2021-12-06T00:00:00.000Z,0,0
month3,אסטוניה,כתום,2,410,2,0.49,2021-12-06T00:00:00.000Z,2,0
month3,בחריין,כתום,2,1062,0,0,2021-12-06T00:00:00.000Z,0,0
month3,לוכסמבורג,כתום,2,161,0,0,2021-12-06T00:00:00.000Z,0,0
month3,פקיסטן,כתום,2,4,0,0,2021-12-06T00:00:00.000Z,0,0
month3,אזרביג'אן,כתום,2,3822,12,0.31,2021-12-06T00:00:00.000Z,11,1
month3,צכיה,כתום,2,40480,80,0.2,2021-12-06T00:00:00.000Z,77,3
month3,ניו זילנד,כתום,2,57,0,0,2021-12-06T00:00:00.000Z,0,0
month3,אנגולה,אדום,1,238,1,0.42,2021-12-06T00:00:00.000Z,1,0
month3,מונקו,כתום,2,49,1,2.04,2021-12-06T00:00:00.000Z,1,0
month3,מקסיקו,כתום,2,1297,13,1,2021-12-06T00:00:00.000Z,13,0
month3,אוסטרליה,כתום,2,976,3,0.31,2021-12-06T00:00:00.000Z,2,1
month3,אורגוואי,כתום,2,319,1,0.31,2021-12-06T00:00:00.000Z,1,0
month3,סט. לוציה,כתום,2,2,0,0,2021-12-06T00:00:00.000Z,0,0
month3,ליכטנשטיין,כתום,2,2,0,0,2021-12-06T00:00:00.000Z,0,0
month3,אלגיריה,כתום,2,4,0,0,2021-12-06T00:00:00.000Z,0,0
month3,טיוואן,כתום,2,48,0,0,2021-12-06T00:00:00.000Z,0,0
month3,גיברלטר,כתום,2,36,1,2.78,2021-12-06T00:00:00.000Z,1,0
month3,ארמניה,כתום,2,624,5,0.8,2021-12-06T00:00:00.000Z,5,0
month3,אריתראה,אדום,1,2,0,0,2021-12-06T00:00:00.000Z,0,0
month3,גרמניה,כתום,2,52358,81,0.15,2021-12-06T00:00:00.000Z,72,9
month3,צ'ילה,כתום,2,223,0,0,2021-12-06T00:00:00.000Z,0,0
month3,אוסטריה,כתום,2,44093,86,0.2,2021-12-06T00:00:00.000Z,81,5
month3,סורינם,כתום,2,3,0,0,2021-12-06T00:00:00.000Z,0,0
month3,גויאנה,כתום,2,20,0,0,2021-12-06T00:00:00.000Z,0,0
month3,דומיניקה,כתום,2,37,0,0,2021-12-06T00:00:00.000Z,0,0
month3,טובלו,כתום,2,6,0,0,2021-12-06T00:00:00.000Z,0,0
month3,אוזבקיסטן,כתום,2,2744,7,0.26,2021-12-06T00:00:00.000Z,5,2
month3,פרו,כתום,2,745,7,0.94,2021-12-06T00:00:00.000Z,7,0
month3,סלובקיה,כתום,2,1506,4,0.27,2021-12-06T00:00:00.000Z,4,0
month3,גואדאלופ,כתום,2,2,0,0,2021-12-06T00:00:00.000Z,0,0
month3,תאילנד,כתום,2,5749,25,0.43,2021-12-06T00:00:00.000Z,24,1
month3,גאנה,אדום,1,344,1,0.29,2021-12-06T00:00:00.000Z,1,0
month3,אוגנדה,אדום,1,472,0,0,2021-12-06T00:00:00.000Z,0,0
month3,ארצות הברית,כתום,2,167764,663,0.4,2021-12-06T00:00:00.000Z,543,120
month3,קמבודיה,כתום,2,25,1,4,2021-12-06T00:00:00.000Z,0,1
month3,קולומביה,כתום,2,843,2,0.24,2021-12-06T00:00:00.000Z,2,0
month3,הונגריה,כתום,2,50127,174,0.35,2021-12-06T00:00:00.000Z,170,4
month3,מקאו,כתום,2,17,0,0,2021-12-06T00:00:00.000Z,0,0
month3,תורכיה,כתום,2,88779,258,0.29,2021-12-06T00:00:00.000Z,251,7
month3,אפגניסטן,כתום,2,8,0,0,2021-12-06T00:00:00.000Z,0,0
month3,פינלנד,כתום,2,1560,1,0.06,2021-12-06T00:00:00.000Z,1,0
month3,מרוקו,כתום,2,7130,5,0.07,2021-12-06T00:00:00.000Z,5,0
month3,סווזילנד,אדום,1,1,0,0,2021-12-06T00:00:00.000Z,0,0
month3,רוסיה,כתום,2,25834,285,1.1,2021-12-06T00:00:00.000Z,245,40
month3,קרואטיה,כתום,2,922,4,0.43,2021-12-06T00:00:00.000Z,4,0
month3,עירק,כתום,2,26,0,0,2021-12-06T00:00:00.000Z,0,0
month3,סרביה,כתום,2,1620,7,0.43,2021-12-06T00:00:00.000Z,7,0
month3,ארגנטינה,כתום,2,1489,2,0.13,2021-12-06T00:00:00.000Z,1,1
month3,קירג'זסטאן,כתום,2,222,4,1.8,2021-12-06T00:00:00.000Z,4,0
month3,ראוניון,אדום,1,5,0,0,2021-12-06T00:00:00.000Z,0,0
month3,מאוריטניה,אדום,1,1,0,0,2021-12-06T00:00:00.000Z,0,0
month3,בנגלדש,כתום,2,4,0,0,2021-12-06T00:00:00.000Z,0,0
month3,פרגוואי,כתום,2,47,1,2.13,2021-12-06T00:00:00.000Z,1,0
month3,צאד,אדום,1,11,0,0,2021-12-06T00:00:00.000Z,0,0
month3,איי נורפולק,כתום,2,5,0,0,2021-12-06T00:00:00.000Z,0,0
month3,קמרון,אדום,1,54,1,1.85,2021-12-06T00:00:00.000Z,0,1
month3,מצרים,כתום,2,78869,180,0.23,2021-12-06T00:00:00.000Z,177,3
month3,פולין,כתום,2,22670,76,0.34,2021-12-06T00:00:00.000Z,70,6
month3,גווטאמלה,כתום,2,235,5,2.13,2021-12-06T00:00:00.000Z,5,0
month3,איי סיישל,אדום,1,3124,1,0.03,2021-12-06T00:00:00.000Z,1,0
month3,בילורוסיה,כתום,2,4536,53,1.17,2021-12-06T00:00:00.000Z,47,6
month3,יוון,כתום,2,77096,78,0.1,2021-12-06T00:00:00.000Z,76,2
month3,ברזיל,כתום,2,1557,5,0.32,2021-12-06T00:00:00.000Z,5,0
month3,איי קומורו,אדום,1,1,0,0,2021-12-06T00:00:00.000Z,0,0
month3,אנדורה,כתום,2,15,0,0,2021-12-06T00:00:00.000Z,0,0
month3,אינדונזיה,כתום,2,33,0,0,2021-12-06T00:00:00.000Z,0,0
month3,נורבגיה,כתום,2,878,0,0,2021-12-06T00:00:00.000Z,0,0
month3,צרפת,כתום,2,80137,144,0.18,2021-12-06T00:00:00.000Z,120,24
month3,ניגריה,אדום,1,434,2,0.46,2021-12-06T00:00:00.000Z,2,0
month3,מקדוניה,כתום,2,113,1,0.88,2021-12-06T00:00:00.000Z,0,1
month3,גיבוטי,אדום,1,1,0,0,2021-12-06T00:00:00.000Z,0,0
month3,סלובניה,כתום,2,266,2,0.75,2021-12-06T00:00:00.000Z,2,0
month3,קזחסטאן,כתום,2,400,2,0.5,2021-12-06T00:00:00.000Z,2,0
month3,בוטסואנה,אדום,1,68,0,0,2021-12-06T00:00:00.000Z,0,0
month3,פאפואה,כתום,2,10,0,0,2021-12-06T00:00:00.000Z,0,0
month3,גינאה,אדום,1,17,0,0,2021-12-06T00:00:00.000Z,0,0
month3,גואם,כתום,2,1,0,0,2021-12-06T00:00:00.000Z,0,0
month3,סינגפור,כתום,2,477,0,0,2021-12-06T00:00:00.000Z,0,0
month3,אתיופיה,אדום,1,2543,21,0.83,2021-12-06T00:00:00.000Z,21,0
month3,מאלי,אדום,1,64,0,0,2021-12-06T00:00:00.000Z,0,0
month3,אלבניה,כתום,2,473,4,0.85,2021-12-06T00:00:00.000Z,4,0
month3,אירלנד,כתום,2,1116,2,0.18,2021-12-06T00:00:00.000Z,1,1
month3,איי קוק,כתום,2,3,0,0,2021-12-06T00:00:00.000Z,0,0
month3,קפריסין,כתום,2,38105,53,0.14,2021-12-06T00:00:00.000Z,50,3
month3,כווית,כתום,2,9,0,0,2021-12-06T00:00:00.000Z,0,0
month3,סין,כתום,2,1343,3,0.22,2021-12-06T00:00:00.000Z,0,3
month3,חוף השנהב,אדום,1,124,1,0.81,2021-12-06T00:00:00.000Z,1,0
month3,האיטי,כתום,2,5,0,0,2021-12-06T00:00:00.000Z,0,0
month3,איטליה,כתום,2,72657,49,0.07,2021-12-06T00:00:00.000Z,47,2
month6,זאיר,אדום,1,176,1,0.57,2021-12-06T00:00:00.000Z,1,0
month6,מזרח טימור,כתום,2,3,0,0,2021-12-06T00:00:00.000Z,0,0
month6,מונטנגרו,כתום,2,12054,75,0.62,2021-12-06T00:00:00.000Z,75,0
month6,לבנון,כתום,2,109,0,0,2021-12-06T00:00:00.000Z,0,0
month6,לסוטו,אדום,1,12,0,0,2021-12-06T00:00:00.000Z,0,0
month6,ברבדוס,כתום,2,15,0,0,2021-12-06T00:00:00.000Z,0,0
month6,ליטא,כתום,2,6031,15,0.25,2021-12-06T00:00:00.000Z,15,0
month6,שוודיה,כתום,2,3052,7,0.23,2021-12-06T00:00:00.000Z,6,1
month6,בולגריה,כתום,2,36367,497,1.37,2021-12-06T00:00:00.000Z,496,1
month6,דנמרק,כתום,2,5837,15,0.26,2021-12-06T00:00:00.000Z,13,2
month6,קובה,כתום,2,48,1,2.08,2021-12-06T00:00:00.000Z,1,0
month6,קטר,כתום,2,148,1,0.68,2021-12-06T00:00:00.000Z,0,1
month6,סודן,כתום,2,8,0,0,2021-12-06T00:00:00.000Z,0,0
month6,סן מרינו,כתום,2,5,0,0,2021-12-06T00:00:00.000Z,0,0
month6,אוקראינה,כתום,2,104790,3948,3.77,2021-12-06T00:00:00.000Z,3892,56
month6,גמייקה,כתום,2,43,1,2.33,2021-12-06T00:00:00.000Z,0,1
month6,תוניסיה,כתום,2,211,11,5.21,2021-12-06T00:00:00.000Z,11,0
month6,הודו,כתום,2,5154,17,0.33,2021-12-06T00:00:00.000Z,3,14
month6,ערב הסעודית,כתום,2,249,0,0,2021-12-06T00:00:00.000Z,0,0
month6,עומן,כתום,2,18,0,0,2021-12-06T00:00:00.000Z,0,0
month6,בליז,כתום,2,25,1,4,2021-12-06T00:00:00.000Z,1,0
month6,מלזיה,כתום,2,12,0,0,2021-12-06T00:00:00.000Z,0,0
month6,קוסטה ריקה,כתום,2,2401,33,1.37,2021-12-06T00:00:00.000Z,33,0
month6,אל סלבדור,כתום,2,56,0,0,2021-12-06T00:00:00.000Z,0,0
month6,נמיביה,אדום,1,155,1,0.65,2021-12-06T00:00:00.000Z,1,0
month6,קונגו,אדום,1,40,2,5,2021-12-06T00:00:00.000Z,2,0
month6,הולנד,כתום,2,44674,156,0.35,2021-12-06T00:00:00.000Z,145,11
month6,טנזניה,אדום,1,4298,55,1.28,2021-12-06T00:00:00.000Z,55,0
month6,נפאל,כתום,2,391,2,0.51,2021-12-06T00:00:00.000Z,1,1
month6,גרנדה,כתום,2,43,0,0,2021-12-06T00:00:00.000Z,0,0
month6,ליבריה,אדום,1,28,0,0,2021-12-06T00:00:00.000Z,0,0
month6,מולדובה,כתום,2,13464,195,1.45,2021-12-06T00:00:00.000Z,153,42
month6,מרטיניק,כתום,2,3,0,0,2021-12-06T00:00:00.000Z,0,0
month6,רואנדה,אדום,1,514,2,0.39,2021-12-06T00:00:00.000Z,2,0
month6,דרום סודאן,אדום,1,54,1,1.85,2021-12-06T00:00:00.000Z,1,0
month6,זמביה,אדום,1,301,1,0.33,2021-12-06T00:00:00.000Z,1,0
month6,איי פאלקלנד,כתום,2,2,0,0,2021-12-06T00:00:00.000Z,0,0
month6,ונצואלה,כתום,2,229,4,1.75,2021-12-06T00:00:00.000Z,2,2
month6,מלאווי,אדום,1,228,0,0,2021-12-06T00:00:00.000Z,0,0
month6,פנמה,כתום,2,1472,14,0.95,2021-12-06T00:00:00.000Z,14,0
month6,רומניה,כתום,2,49594,376,0.76,2021-12-06T00:00:00.000Z,372,4
month6,שוויץ,כתום,2,46625,174,0.37,2021-12-06T00:00:00.000Z,159,15
month6,איסלנד,כתום,2,7631,50,0.66,2021-12-06T00:00:00.000Z,50,0
month6,איי מרשל,כתום,2,1,0,0,2021-12-06T00:00:00.000Z,0,0
month6,קנדה,כתום,2,21738,38,0.17,2021-12-06T00:00:00.000Z,26,12
month6,קוסובו,כתום,2,86,0,0,2021-12-06T00:00:00.000Z,0,0
month6,גבון,אדום,1,42,0,0,2021-12-06T00:00:00.000Z,0,0
month6,דרום אפריקה,אדום,1,3392,26,0.77,2021-12-06T00:00:00.000Z,24,2
month6,ונואטו,כתום,2,1,0,0,2021-12-06T00:00:00.000Z,0,0
month6,ירדן,כתום,2,38067,199,0.52,2021-12-06T00:00:00.000Z,194,5
month6,ויטנאם,כתום,2,386,0,0,2021-12-06T00:00:00.000Z,0,0
month6,הונג קונג,כתום,2,792,8,1.01,2021-12-06T00:00:00.000Z,2,6
month6,בורונדי,אדום,1,8,0,0,2021-12-06T00:00:00.000Z,0,0
month6,בלגיה,כתום,2,18579,64,0.34,2021-12-06T00:00:00.000Z,51,13
month6,סוריה,כתום,2,241,0,0,2021-12-06T00:00:00.000Z,0,0
month6,אירן,כתום,2,3,0,0,2021-12-06T00:00:00.000Z,0,0
month6,מלדיבים,כתום,2,5321,23,0.43,2021-12-06T00:00:00.000Z,23,0
month6,לאוס,כתום,2,6,0,0,2021-12-06T00:00:00.000Z,0,0
month6,פורטוגל,כתום,2,13533,31,0.23,2021-12-06T00:00:00.000Z,30,1
month6,ניגר,אדום,1,14,0,0,2021-12-06T00:00:00.000Z,0,0
month6,ניקרגואה,כתום,2,36,0,0,2021-12-06T00:00:00.000Z,0,0
month6,מלטה,כתום,2,1560,2,0.13,2021-12-06T00:00:00.000Z,2,0
month6,אקואדור,כתום,2,433,2,0.46,2021-12-06T00:00:00.000Z,2,0
month6,פורטו ריקו,כתום,2,145,0,0,2021-12-06T00:00:00.000Z,0,0
month6,מונגוליה,כתום,2,25,0,0,2021-12-06T00:00:00.000Z,0,0
month6,מוזמביק,אדום,1,100,0,0,2021-12-06T00:00:00.000Z,0,0
month6,טוגו,אדום,1,95,0,0,2021-12-06T00:00:00.000Z,0,0
month6,גינאה החדשה,כתום,2,2,0,0,2021-12-06T00:00:00.000Z,0,0
month6,מאוריציוס,אדום,1,303,1,0.33,2021-12-06T00:00:00.000Z,1,0
month6,בוטן,כתום,2,20,0,0,2021-12-06T00:00:00.000Z,0,0
month6,הונדורס,כתום,2,112,0,0,2021-12-06T00:00:00.000Z,0,0
month6,סט וינסנט,כתום,2,5,1,20,2021-12-06T00:00:00.000Z,1,0
month6,קניה,אדום,1,1484,16,1.08,2021-12-06T00:00:00.000Z,15,1
month6,יפן,כתום,2,776,3,0.39,2021-12-06T00:00:00.000Z,3,0
month6,פיליפינים,כתום,2,1745,16,0.92,2021-12-06T00:00:00.000Z,3,13
month6,בהמס,כתום,2,57,0,0,2021-12-06T00:00:00.000Z,0,0
month6,לטביה,כתום,2,2837,3,0.11,2021-12-06T00:00:00.000Z,3,0
month6,בוליביה,כתום,2,82,0,0,2021-12-06T00:00:00.000Z,0,0
month6,תורכמניסטאן,כתום,2,1119,26,2.32,2021-12-06T00:00:00.000Z,26,0
month6,טג'יקיסטאן,כתום,2,84,0,0,2021-12-06T00:00:00.000Z,0,0
month6,זימבאבווה,אדום,1,118,0,0,2021-12-06T00:00:00.000Z,0,0
month6,טונגה,כתום,2,4,0,0,2021-12-06T00:00:00.000Z,0,0
month6,ברמודה,כתום,2,3,0,0,2021-12-06T00:00:00.000Z,0,0
month6,מדגסקר,אדום,1,8,1,12.5,2021-12-06T00:00:00.000Z,0,1
month6,סנגל,אדום,1,100,0,0,2021-12-06T00:00:00.000Z,0,0
month6,ספרד,כתום,2,42680,208,0.49,2021-12-06T00:00:00.000Z,203,5
month6,איי פיגי,כתום,2,6,0,0,2021-12-06T00:00:00.000Z,0,0
month6,נאורו,כתום,2,1,0,0,2021-12-06T00:00:00.000Z,0,0
month6,איי הבתולה,כתום,2,7,0,0,2021-12-06T00:00:00.000Z,0,0
month6,גאורגיה,כתום,2,68517,349,0.51,2021-12-06T00:00:00.000Z,346,3
month6,תימן,כתום,2,30,0,0,2021-12-06T00:00:00.000Z,0,0
month6,גמביה,אדום,1,35,0,0,2021-12-06T00:00:00.000Z,0,0
month6,אסטוניה,כתום,2,988,5,0.51,2021-12-06T00:00:00.000Z,5,0
month6,בחריין,כתום,2,1131,0,0,2021-12-06T00:00:00.000Z,0,0
month6,לוכסמבורג,כתום,2,280,0,0,2021-12-06T00:00:00.000Z,0,0
month6,פקיסטן,כתום,2,5,0,0,2021-12-06T00:00:00.000Z,0,0
month6,אזרביג'אן,כתום,2,6200,47,0.76,2021-12-06T00:00:00.000Z,46,1
month6,צכיה,כתום,2,56033,236,0.42,2021-12-06T00:00:00.000Z,233,3
month6,ניו זילנד,כתום,2,105,1,0.95,2021-12-06T00:00:00.000Z,1,0
month6,אנגולה,אדום,1,359,2,0.56,2021-12-06T00:00:00.000Z,2,0
month6,מונקו,כתום,2,132,4,3.03,2021-12-06T00:00:00.000Z,4,0
month6,ברוניי,כתום,2,1,0,0,2021-12-06T00:00:00.000Z,0,0
month6,מקסיקו,כתום,2,1766,22,1.25,2021-12-06T00:00:00.000Z,22,0
month6,אוסטרליה,כתום,2,1670,3,0.18,2021-12-06T00:00:00.000Z,2,1
month6,אורגוואי,כתום,2,586,3,0.51,2021-12-06T00:00:00.000Z,3,0
month6,סט. לוציה,כתום,2,2,0,0,2021-12-06T00:00:00.000Z,0,0
month6,ליכטנשטיין,כתום,2,2,0,0,2021-12-06T00:00:00.000Z,0,0
month6,אלגיריה,כתום,2,13,0,0,2021-12-06T00:00:00.000Z,0,0
month6,טיוואן,כתום,2,149,0,0,2021-12-06T00:00:00.000Z,0,0
month6,גיברלטר,כתום,2,119,1,0.84,2021-12-06T00:00:00.000Z,1,0
month6,ארמניה,כתום,2,1277,16,1.25,2021-12-06T00:00:00.000Z,16,0
month6,אריתראה,אדום,1,5,0,0,2021-12-06T00:00:00.000Z,0,0
month6,גרמניה,כתום,2,93700,226,0.24,2021-12-06T00:00:00.000Z,215,11
month6,צ'ילה,כתום,2,371,0,0,2021-12-06T00:00:00.000Z,0,0
month6,אוסטריה,כתום,2,80550,259,0.32,2021-12-06T00:00:00.000Z,252,7
month6,סורינם,כתום,2,7,0,0,2021-12-06T00:00:00.000Z,0,0
month6,גויאנה,כתום,2,20,0,0,2021-12-06T00:00:00.000Z,0,0
month6,דומיניקה,כתום,2,53,0,0,2021-12-06T00:00:00.000Z,0,0
month6,טובלו,כתום,2,7,0,0,2021-12-06T00:00:00.000Z,0,0
month6,אוזבקיסטן,כתום,2,4074,108,2.65,2021-12-06T00:00:00.000Z,44,64
month6,פרו,כתום,2,1050,16,1.52,2021-12-06T00:00:00.000Z,16,0
month6,סלובקיה,כתום,2,1576,4,0.25,2021-12-06T00:00:00.000Z,4,0
month6,גואדאלופ,כתום,2,2,0,0,2021-12-06T00:00:00.000Z,0,0
month6,תאילנד,כתום,2,9566,38,0.4,2021-12-06T00:00:00.000Z,33,5
month6,גאנה,אדום,1,724,7,0.97,2021-12-06T00:00:00.000Z,7,0
month6,אוגנדה,אדום,1,653,4,0.61,2021-12-06T00:00:00.000Z,3,1
month6,ארצות הברית,כתום,2,350635,1960,0.56,2021-12-06T00:00:00.000Z,1718,242
month6,קמבודיה,כתום,2,38,1,2.63,2021-12-06T00:00:00.000Z,0,1
month6,קולומביה,כתום,2,1261,4,0.32,2021-12-06T00:00:00.000Z,4,0
month6,הונגריה,כתום,2,68697,305,0.44,2021-12-06T00:00:00.000Z,298,7
month6,מקאו,כתום,2,28,0,0,2021-12-06T00:00:00.000Z,0,0
month6,תורכיה,כתום,2,181032,1639,0.91,2021-12-06T00:00:00.000Z,1614,25
month6,אפגניסטן,כתום,2,13,0,0,2021-12-06T00:00:00.000Z,0,0
month6,פינלנד,כתום,2,3234,8,0.25,2021-12-06T00:00:00.000Z,8,0
month6,מרוקו,כתום,2,8492,62,0.73,2021-12-06T00:00:00.000Z,62,0
month6,סווזילנד,אדום,1,7,0,0,2021-12-06T00:00:00.000Z,0,0
month6,רוסיה,כתום,2,36557,422,1.15,2021-12-06T00:00:00.000Z,371,51
month6,קרואטיה,כתום,2,2571,40,1.56,2021-12-06T00:00:00.000Z,40,0
month6,עירק,כתום,2,100,1,1,2021-12-06T00:00:00.000Z,1,0
month6,סרביה,כתום,2,5539,48,0.87,2021-12-06T00:00:00.000Z,48,0
month6,לוב,כתום,2,2,0,0,2021-12-06T00:00:00.000Z,0,0
month6,ארגנטינה,כתום,2,1946,4,0.21,2021-12-06T00:00:00.000Z,2,2
month6,קירג'זסטאן,כתום,2,576,36,6.25,2021-12-06T00:00:00.000Z,36,0
month6,ראוניון,אדום,1,9,0,0,2021-12-06T00:00:00.000Z,0,0
month6,מאוריטניה,אדום,1,1,0,0,2021-12-06T00:00:00.000Z,0,0
month6,בנגלדש,כתום,2,5,0,0,2021-12-06T00:00:00.000Z,0,0
month6,פרגוואי,כתום,2,178,1,0.56,2021-12-06T00:00:00.000Z,1,0
month6,צאד,אדום,1,23,0,0,2021-12-06T00:00:00.000Z,0,0
month6,איי נורפולק,כתום,2,7,0,0,2021-12-06T00:00:00.000Z,0,0
month6,פלאו,כתום,2,1,0,0,2021-12-06T00:00:00.000Z,0,0
month6,קמרון,אדום,1,113,3,2.65,2021-12-06T00:00:00.000Z,2,1
month6,מצרים,כתום,2,139632,647,0.46,2021-12-06T00:00:00.000Z,643,4
month6,פולין,כתום,2,34457,128,0.37,2021-12-06T00:00:00.000Z,122,6
month6,גווטאמלה,כתום,2,356,13,3.65,2021-12-06T00:00:00.000Z,13,0
month6,איי סיישל,אדום,1,4394,3,0.07,2021-12-06T00:00:00.000Z,3,0
month6,בילורוסיה,כתום,2,8820,92,1.04,2021-12-06T00:00:00.000Z,81,11
month6,יוון,כתום,2,215243,1083,0.5,2021-12-06T00:00:00.000Z,1069,14
month6,ברזיל,כתום,2,2039,7,0.34,2021-12-06T00:00:00.000Z,7,0
month6,איי קומורו,אדום,1,1,0,0,2021-12-06T00:00:00.000Z,0,0
month6,אנדורה,כתום,2,33,0,0,2021-12-06T00:00:00.000Z,0,0
month6,אינדונזיה,כתום,2,60,0,0,2021-12-06T00:00:00.000Z,0,0
month6,נורבגיה,כתום,2,1236,3,0.24,2021-12-06T00:00:00.000Z,3,0
month6,צרפת,כתום,2,137164,498,0.36,2021-12-06T00:00:00.000Z,442,56
month6,ניגריה,אדום,1,928,7,0.75,2021-12-06T00:00:00.000Z,7,0
month6,מקדוניה,כתום,2,225,2,0.89,2021-12-06T00:00:00.000Z,1,1
month6,גיבוטי,אדום,1,2,0,0,2021-12-06T00:00:00.000Z,0,0
month6,סלובניה,כתום,2,1626,5,0.31,2021-12-06T00:00:00.000Z,5,0
month6,קזחסטאן,כתום,2,976,27,2.77,2021-12-06T00:00:00.000Z,22,5
month6,בוטסואנה,אדום,1,131,0,0,2021-12-06T00:00:00.000Z,0,0
month6,פאפואה,כתום,2,18,0,0,2021-12-06T00:00:00.000Z,0,0
month6,גינאה,אדום,1,31,2,6.45,2021-12-06T00:00:00.000Z,2,0
month6,גואם,כתום,2,2,0,0,2021-12-06T00:00:00.000Z,0,0
month6,סינגפור,כתום,2,790,2,0.25,2021-12-06T00:00:00.000Z,1,1
month6,אתיופיה,אדום,1,4470,44,0.98,2021-12-06T00:00:00.000Z,44,0
month6,מאלי,אדום,1,166,7,4.22,2021-12-06T00:00:00.000Z,5,2
month6,אלבניה,כתום,2,1697,10,0.59,2021-12-06T00:00:00.000Z,10,0
month6,אירלנד,כתום,2,1754,2,0.11,2021-12-06T00:00:00.000Z,1,1
month6,סומליה,אדום,1,3,0,0,2021-12-06T00:00:00.000Z,0,0
month6,איי קוק,כתום,2,4,0,0,2021-12-06T00:00:00.000Z,0,0
month6,קפריסין,כתום,2,71254,261,0.37,2021-12-06T00:00:00.000Z,256,5
month6,כווית,כתום,2,11,0,0,2021-12-06T00:00:00.000Z,0,0
month6,סין,כתום,2,2736,6,0.22,2021-12-06T00:00:00.000Z,1,5
month6,חוף השנהב,אדום,1,268,4,1.49,2021-12-06T00:00:00.000Z,3,1
month6,האיטי,כתום,2,8,0,0,2021-12-06T00:00:00.000Z,0,0
month6,איטליה,כתום,2,106749,171,0.16,2021-12-06T00:00:00.000Z,163,8
year,זאיר,אדום,1,212,1,0.47,2021-12-06T00:00:00.000Z,1,0
year,מזרח טימור,כתום,2,3,0,0,2021-12-06T00:00:00.000Z,0,0
year,מונטנגרו,כתום,2,12748,75,0.59,2021-12-06T00:00:00.000Z,75,0
year,לבנון,כתום,2,157,0,0,2021-12-06T00:00:00.000Z,0,0
year,לסוטו,אדום,1,17,0,0,2021-12-06T00:00:00.000Z,0,0
year,ברבדוס,כתום,2,17,0,0,2021-12-06T00:00:00.000Z,0,0
year,ליטא,כתום,2,6152,15,0.24,2021-12-06T00:00:00.000Z,15,0
year,שוודיה,כתום,2,3194,7,0.22,2021-12-06T00:00:00.000Z,6,1
year,בולגריה,כתום,2,41114,499,1.21,2021-12-06T00:00:00.000Z,497,1
year,דנמרק,כתום,2,6037,15,0.25,2021-12-06T00:00:00.000Z,13,2
year,קובה,כתום,2,55,1,1.82,2021-12-06T00:00:00.000Z,1,0
year,קטר,כתום,2,163,1,0.61,2021-12-06T00:00:00.000Z,0,1
year,סודן,כתום,2,8,0,0,2021-12-06T00:00:00.000Z,0,0
year,סן מרינו,כתום,2,9,0,0,2021-12-06T00:00:00.000Z,0,0
year,אוקראינה,כתום,2,107894,3951,3.66,2021-12-06T00:00:00.000Z,3892,56
year,סמואה,כתום,2,1,0,0,2021-12-06T00:00:00.000Z,0,0
year,גמייקה,כתום,2,51,1,1.96,2021-12-06T00:00:00.000Z,0,1
year,תוניסיה,כתום,2,237,11,4.64,2021-12-06T00:00:00.000Z,11,0
year,הודו,כתום,2,5596,25,0.45,2021-12-06T00:00:00.000Z,3,20
year,ערב הסעודית,כתום,2,284,1,0.35,2021-12-06T00:00:00.000Z,0,0
year,עומן,כתום,2,20,0,0,2021-12-06T00:00:00.000Z,0,0
year,בליז,כתום,2,25,1,4,2021-12-06T00:00:00.000Z,1,0
year,מלזיה,כתום,2,13,0,0,2021-12-06T00:00:00.000Z,0,0
year,קוסטה ריקה,כתום,2,2616,33,1.26,2021-12-06T00:00:00.000Z,33,0
year,אל סלבדור,כתום,2,60,0,0,2021-12-06T00:00:00.000Z,0,0
year,נמיביה,אדום,1,176,1,0.57,2021-12-06T00:00:00.000Z,1,0
year,קונגו,אדום,1,48,2,4.17,2021-12-06T00:00:00.000Z,2,0
year,הולנד,כתום,2,46605,158,0.34,2021-12-06T00:00:00.000Z,146,11
year,טנזניה,אדום,1,4414,55,1.25,2021-12-06T00:00:00.000Z,55,0
year,נפאל,כתום,2,426,2,0.47,2021-12-06T00:00:00.000Z,1,1
year,גרנדה,כתום,2,45,0,0,2021-12-06T00:00:00.000Z,0,0
year,ליבריה,אדום,1,33,0,0,2021-12-06T00:00:00.000Z,0,0
year,מולדובה,כתום,2,14779,195,1.32,2021-12-06T00:00:00.000Z,153,42
year,מרטיניק,כתום,2,3,0,0,2021-12-06T00:00:00.000Z,0,0
year,רואנדה,אדום,1,599,2,0.33,2021-12-06T00:00:00.000Z,2,0
year,דרום סודאן,אדום,1,60,1,1.67,2021-12-06T00:00:00.000Z,1,0
year,זמביה,אדום,1,360,1,0.28,2021-12-06T00:00:00.000Z,1,0
year,איי פאלקלנד,כתום,2,2,0,0,2021-12-06T00:00:00.000Z,0,0
year,ונצואלה,כתום,2,239,4,1.67,2021-12-06T00:00:00.000Z,2,2
year,מלאווי,אדום,1,234,0,0,2021-12-06T00:00:00.000Z,0,0
year,פנמה,כתום,2,1558,14,0.9,2021-12-06T00:00:00.000Z,14,0
year,רומניה,כתום,2,51465,376,0.73,2021-12-06T00:00:00.000Z,372,4
year,שוויץ,כתום,2,48380,174,0.36,2021-12-06T00:00:00.000Z,159,15
year,איסלנד,כתום,2,7747,50,0.65,2021-12-06T00:00:00.000Z,50,0
year,איי מרשל,כתום,2,1,0,0,2021-12-06T00:00:00.000Z,0,0
year,קנדה,כתום,2,22636,38,0.17,2021-12-06T00:00:00.000Z,26,12
year,קוסובו,כתום,2,91,0,0,2021-12-06T00:00:00.000Z,0,0
year,קלדוניה החדשה,כתום,2,5,0,0,2021-12-06T00:00:00.000Z,0,0
year,גבון,אדום,1,43,0,0,2021-12-06T00:00:00.000Z,0,0
year,דרום אפריקה,אדום,1,3748,29,0.77,2021-12-06T00:00:00.000Z,24,2
year,קניה,אדום,1,1650,17,1.03,2021-12-06T00:00:00.000Z,15,2
year,יפן,כתום,2,826,3,0.36,2021-12-06T00:00:00.000Z,3,0
year,פיליפינים,כתום,2,2019,18,0.89,2021-12-06T00:00:00.000Z,3,15
year,בהמס,כתום,2,61,0,0,2021-12-06T00:00:00.000Z,0,0
year,לטביה,כתום,2,2915,3,0.1,2021-12-06T00:00:00.000Z,3,0
year,בוליביה,כתום,2,114,0,0,2021-12-06T00:00:00.000Z,0,0
year,תורכמניסטאן,כתום,2,1147,26,2.27,2021-12-06T00:00:00.000Z,26,0
year,טג'יקיסטאן,כתום,2,88,0,0,2021-12-06T00:00:00.000Z,0,0
year,זימבאבווה,אדום,1,137,0,0,2021-12-06T00:00:00.000Z,0,0
year,טונגה,כתום,2,4,0,0,2021-12-06T00:00:00.000Z,0,0
year,ברמודה,כתום,2,6,0,0,2021-12-06T00:00:00.000Z,0,0
year,מדגסקר,אדום,1,12,1,8.33,2021-12-06T00:00:00.000Z,0,1
year,סנגל,אדום,1,116,0,0,2021-12-06T00:00:00.000Z,0,0
year,ספרד,כתום,2,44046,209,0.47,2021-12-06T00:00:00.000Z,204,5
year,איי פיגי,כתום,2,6,0,0,2021-12-06T00:00:00.000Z,0,0
year,נאורו,כתום,2,1,0,0,2021-12-06T00:00:00.000Z,0,0
year,בנין (דהומי),אדום,1,28,0,0,2021-12-06T00:00:00.000Z,0,0
year,איי הבתולה,כתום,2,9,0,0,2021-12-06T00:00:00.000Z,0,0
year,גאורגיה,כתום,2,80437,354,0.44,2021-12-06T00:00:00.000Z,347,3
year,תימן,כתום,2,30,0,0,2021-12-06T00:00:00.000Z,0,0
year,גמביה,אדום,1,38,0,0,2021-12-06T00:00:00.000Z,0,0
year,אסטוניה,כתום,2,1023,5,0.49,2021-12-06T00:00:00.000Z,5,0
year,בחריין,כתום,2,1145,0,0,2021-12-06T00:00:00.000Z,0,0
year,לוכסמבורג,כתום,2,308,0,0,2021-12-06T00:00:00.000Z,0,0
year,פקיסטן,כתום,2,5,0,0,2021-12-06T00:00:00.000Z,0,0
year,אזרביג'אן,כתום,2,6388,48,0.75,2021-12-06T00:00:00.000Z,46,1
year,צכיה,כתום,2,56214,236,0.42,2021-12-06T00:00:00.000Z,233,3
year,ניו זילנד,כתום,2,127,1,0.79,2021-12-06T00:00:00.000Z,1,0
year,אנגולה,אדום,1,395,2,0.51,2021-12-06T00:00:00.000Z,2,0
year,מונקו,כתום,2,138,5,3.62,2021-12-06T00:00:00.000Z,4,0
year,ברוניי,כתום,2,1,0,0,2021-12-06T00:00:00.000Z,0,0
year,מקסיקו,כתום,2,2160,26,1.2,2021-12-06T00:00:00.000Z,23,0
year,אוסטרליה,כתום,2,1788,3,0.17,2021-12-06T00:00:00.000Z,2,1
year,אורגוואי,כתום,2,634,3,0.47,2021-12-06T00:00:00.000Z,3,0
year,סט. לוציה,כתום,2,2,0,0,2021-12-06T00:00:00.000Z,0,0
year,ליכטנשטיין,כתום,2,2,0,0,2021-12-06T00:00:00.000Z,0,0
year,אלגיריה,כתום,2,13,0,0,2021-12-06T00:00:00.000Z,0,0
year,טיוואן,כתום,2,210,0,0,2021-12-06T00:00:00.000Z,0,0
year,גיברלטר,כתום,2,122,1,0.82,2021-12-06T00:00:00.000Z,1,0
year,ארמניה,כתום,2,1414,16,1.13,2021-12-06T00:00:00.000Z,16,0
year,אריתראה,אדום,1,5,0,0,2021-12-06T00:00:00.000Z,0,0
year,גרמניה,כתום,2,99732,228,0.23,2021-12-06T00:00:00.000Z,215,11
year,צ'ילה,כתום,2,434,0,0,2021-12-06T00:00:00.000Z,0,0
year,אוסטריה,כתום,2,82360,259,0.31,2021-12-06T00:00:00.000Z,252,7
year,קיריבטי,כתום,2,5,0,0,2021-12-06T00:00:00.000Z,0,0
year,סורינם,כתום,2,7,0,0,2021-12-06T00:00:00.000Z,0,0
year,גויאנה,כתום,2,20,0,0,2021-12-06T00:00:00.000Z,0,0
year,דומיניקה,כתום,2,56,0,0,2021-12-06T00:00:00.000Z,0,0
year,אנגליה,אדום,1,1,0,0,2021-12-06T00:00:00.000Z,0,0
year,טובלו,כתום,2,7,0,0,2021-12-06T00:00:00.000Z,0,0
year,אוזבקיסטן,כתום,2,4513,108,2.39,2021-12-06T00:00:00.000Z,44,64
year,פרו,כתום,2,1094,16,1.46,2021-12-06T00:00:00.000Z,16,0
year,סלובקיה,כתום,2,1576,4,0.25,2021-12-06T00:00:00.000Z,4,0
year,גואדאלופ,כתום,2,2,0,0,2021-12-06T00:00:00.000Z,0,0
year,תאילנד,כתום,2,10810,38,0.35,2021-12-06T00:00:00.000Z,33,5
year,גאנה,אדום,1,826,7,0.85,2021-12-06T00:00:00.000Z,7,0
year,אוגנדה,אדום,1,742,6,0.81,2021-12-06T00:00:00.000Z,5,1
year,ארצות הברית,כתום,2,391110,1981,0.51,2021-12-06T00:00:00.000Z,1721,243
year,קמבודיה,כתום,2,40,1,2.5,2021-12-06T00:00:00.000Z,0,1
year,קולומביה,כתום,2,1371,7,0.51,2021-12-06T00:00:00.000Z,7,0
year,הונגריה,כתום,2,69581,305,0.44,2021-12-06T00:00:00.000Z,298,7
year,מקאו,כתום,2,28,0,0,2021-12-06T00:00:00.000Z,0,0
year,תורכיה,כתום,2,184506,1646,0.89,2021-12-06T00:00:00.000Z,1616,27
year,אפגניסטן,כתום,2,13,0,0,2021-12-06T00:00:00.000Z,0,0
year,פינלנד,כתום,2,3338,8,0.24,2021-12-06T00:00:00.000Z,8,0
year,מרוקו,כתום,2,8603,62,0.72,2021-12-06T00:00:00.000Z,62,0
year,סווזילנד,אדום,1,11,0,0,2021-12-06T00:00:00.000Z,0,0
year,רוסיה,כתום,2,42604,457,1.07,2021-12-06T00:00:00.000Z,389,55
year,קרואטיה,כתום,2,2824,40,1.42,2021-12-06T00:00:00.000Z,40,0
year,עירק,כתום,2,122,1,0.82,2021-12-06T00:00:00.000Z,1,0
year,סרביה,כתום,2,5906,48,0.81,2021-12-06T00:00:00.000Z,48,0
year,לוב,כתום,2,4,0,0,2021-12-06T00:00:00.000Z,0,0
year,ארגנטינה,כתום,2,2159,6,0.28,2021-12-06T00:00:00.000Z,2,3
year,קירג'זסטאן,כתום,2,605,36,5.95,2021-12-06T00:00:00.000Z,36,0
year,ראוניון,אדום,1,12,0,0,2021-12-06T00:00:00.000Z,0,0
year,מאוריטניה,אדום,1,1,0,0,2021-12-06T00:00:00.000Z,0,0
year,בנגלדש,כתום,2,5,0,0,2021-12-06T00:00:00.000Z,0,0
year,פרגוואי,כתום,2,186,1,0.54,2021-12-06T00:00:00.000Z,1,0
year,צאד,אדום,1,25,0,0,2021-12-06T00:00:00.000Z,0,0
year,איי נורפולק,כתום,2,7,0,0,2021-12-06T00:00:00.000Z,0,0
year,פלאו,כתום,2,1,0,0,2021-12-06T00:00:00.000Z,0,0
year,קמרון,אדום,1,131,4,3.05,2021-12-06T00:00:00.000Z,2,1
year,בורקינה פאסו,אדום,1,50,0,0,2021-12-06T00:00:00.000Z,0,0
year,סיירה ליאונה,אדום,1,30,0,0,2021-12-06T00:00:00.000Z,0,0
year,מצרים,כתום,2,155396,653,0.42,2021-12-06T00:00:00.000Z,644,4
year,פולין,כתום,2,35731,129,0.36,2021-12-06T00:00:00.000Z,122,6
year,גווטאמלה,כתום,2,376,13,3.46,2021-12-06T00:00:00.000Z,13,0
year,איי סיישל,אדום,1,6732,10,0.15,2021-12-06T00:00:00.000Z,4,0
year,בילורוסיה,כתום,2,10879,95,0.87,2021-12-06T00:00:00.000Z,83,11
year,יוון,כתום,2,233783,1086,0.46,2021-12-06T00:00:00.000Z,1069,14
year,ברזיל,כתום,2,2215,10,0.45,2021-12-06T00:00:00.000Z,9,0
year,איי קומורו,אדום,1,1,0,0,2021-12-06T00:00:00.000Z,0,0
year,אנדורה,כתום,2,33,0,0,2021-12-06T00:00:00.000Z,0,0
year,אינדונזיה,כתום,2,76,0,0,2021-12-06T00:00:00.000Z,0,0
year,נורבגיה,כתום,2,1272,3,0.24,2021-12-06T00:00:00.000Z,3,0
year,צרפת,כתום,2,147767,513,0.35,2021-12-06T00:00:00.000Z,447,63
year,ניגריה,אדום,1,1077,7,0.65,2021-12-06T00:00:00.000Z,7,0
year,מקדוניה,כתום,2,248,2,0.81,2021-12-06T00:00:00.000Z,1,1
year,גיבוטי,אדום,1,2,0,0,2021-12-06T00:00:00.000Z,0,0
year,סלובניה,כתום,2,1668,7,0.42,2021-12-06T00:00:00.000Z,7,0
year,קזחסטאן,כתום,2,1032,28,2.71,2021-12-06T00:00:00.000Z,22,6
year,בוטסואנה,אדום,1,150,0,0,2021-12-06T00:00:00.000Z,0,0
year,פאפואה,כתום,2,18,0,0,2021-12-06T00:00:00.000Z,0,0
year,גינאה,אדום,1,39,2,5.13,2021-12-06T00:00:00.000Z,2,0
year,גואם,כתום,2,2,0,0,2021-12-06T00:00:00.000Z,0,0
year,סינגפור,כתום,2,856,2,0.23,2021-12-06T00:00:00.000Z,1,1
year,אתיופיה,אדום,1,5354,49,0.92,2021-12-06T00:00:00.000Z,44,2
year,מאלי,אדום,1,175,7,4,2021-12-06T00:00:00.000Z,5,2
year,אלבניה,כתום,2,1881,10,0.53,2021-12-06T00:00:00.000Z,10,0
year,אירלנד,כתום,2,1858,2,0.11,2021-12-06T00:00:00.000Z,1,1
year,סומליה,אדום,1,3,0,0,2021-12-06T00:00:00.000Z,0,0
year,איי קוק,כתום,2,4,0,0,2021-12-06T00:00:00.000Z,0,0
year,קפריסין,כתום,2,80716,264,0.33,2021-12-06T00:00:00.000Z,257,6
year,כווית,כתום,2,14,0,0,2021-12-06T00:00:00.000Z,0,0
year,סין,כתום,2,3165,6,0.19,2021-12-06T00:00:00.000Z,1,5
year,חוף השנהב,אדום,1,315,4,1.27,2021-12-06T00:00:00.000Z,3,1
year,האיטי,כתום,2,8,0,0,2021-12-06T00:00:00.000Z,0,0
year,איטליה,כתום,2,108111,171,0.16,2021-12-06T00:00:00.000Z,163,8
UpToNow,זאיר,אדום,1,212,1,0.47,2021-12-06T00:00:00.000Z,1,0
UpToNow,מזרח טימור,כתום,2,3,0,0,2021-12-06T00:00:00.000Z,0,0
UpToNow,מונטנגרו,כתום,2,12748,75,0.59,2021-12-06T00:00:00.000Z,75,0
UpToNow,לבנון,כתום,2,157,0,0,2021-12-06T00:00:00.000Z,0,0
UpToNow,לסוטו,אדום,1,17,0,0,2021-12-06T00:00:00.000Z,0,0
UpToNow,ברבדוס,כתום,2,17,0,0,2021-12-06T00:00:00.000Z,0,0
UpToNow,ליטא,כתום,2,6152,15,0.24,2021-12-06T00:00:00.000Z,15,0
UpToNow,שוודיה,כתום,2,3194,7,0.22,2021-12-06T00:00:00.000Z,6,1
UpToNow,בולגריה,כתום,2,41114,499,1.21,2021-12-06T00:00:00.000Z,497,1
UpToNow,דנמרק,כתום,2,6037,15,0.25,2021-12-06T00:00:00.000Z,13,2
UpToNow,קובה,כתום,2,55,1,1.82,2021-12-06T00:00:00.000Z,1,0
UpToNow,קטר,כתום,2,163,1,0.61,2021-12-06T00:00:00.000Z,0,1
UpToNow,סודן,כתום,2,8,0,0,2021-12-06T00:00:00.000Z,0,0
UpToNow,סן מרינו,כתום,2,9,0,0,2021-12-06T00:00:00.000Z,0,0
UpToNow,אוקראינה,כתום,2,107894,3951,3.66,2021-12-06T00:00:00.000Z,3892,56
UpToNow,סמואה,כתום,2,1,0,0,2021-12-06T00:00:00.000Z,0,0
UpToNow,גמייקה,כתום,2,51,1,1.96,2021-12-06T00:00:00.000Z,0,1
UpToNow,תוניסיה,כתום,2,237,11,4.64,2021-12-06T00:00:00.000Z,11,0
UpToNow,הודו,כתום,2,5596,25,0.45,2021-12-06T00:00:00.000Z,3,20
UpToNow,ערב הסעודית,כתום,2,284,1,0.35,2021-12-06T00:00:00.000Z,0,0
UpToNow,עומן,כתום,2,20,0,0,2021-12-06T00:00:00.000Z,0,0
UpToNow,בליז,כתום,2,25,1,4,2021-12-06T00:00:00.000Z,1,0
UpToNow,מלזיה,כתום,2,13,0,0,2021-12-06T00:00:00.000Z,0,0
UpToNow,קוסטה ריקה,כתום,2,2616,33,1.26,2021-12-06T00:00:00.000Z,33,0
UpToNow,אל סלבדור,כתום,2,60,0,0,2021-12-06T00:00:00.000Z,0,0
UpToNow,נמיביה,אדום,1,176,1,0.57,2021-12-06T00:00:00.000Z,1,0
UpToNow,קונגו,אדום,1,48,2,4.17,2021-12-06T00:00:00.000Z,2,0
UpToNow,הולנד,כתום,2,46605,158,0.34,2021-12-06T00:00:00.000Z,146,11
UpToNow,טנזניה,אדום,1,4414,55,1.25,2021-12-06T00:00:00.000Z,55,0
UpToNow,נפאל,כתום,2,426,2,0.47,2021-12-06T00:00:00.000Z,1,1
UpToNow,גרנדה,כתום,2,45,0,0,2021-12-06T00:00:00.000Z,0,0
UpToNow,ליבריה,אדום,1,33,0,0,2021-12-06T00:00:00.000Z,0,0
UpToNow,מולדובה,כתום,2,14779,195,1.32,2021-12-06T00:00:00.000Z,153,42
UpToNow,מרטיניק,כתום,2,3,0,0,2021-12-06T00:00:00.000Z,0,0
UpToNow,רואנדה,אדום,1,599,2,0.33,2021-12-06T00:00:00.000Z,2,0
UpToNow,דרום סודאן,אדום,1,60,1,1.67,2021-12-06T00:00:00.000Z,1,0
UpToNow,זמביה,אדום,1,360,1,0.28,2021-12-06T00:00:00.000Z,1,0
UpToNow,ונצואלה,כתום,2,239,4,1.67,2021-12-06T00:00:00.000Z,2,2
UpToNow,מלאווי,אדום,1,234,0,0,2021-12-06T00:00:00.000Z,0,0
UpToNow,פנמה,כתום,2,1558,14,0.9,2021-12-06T00:00:00.000Z,14,0
UpToNow,רומניה,כתום,2,51465,376,0.73,2021-12-06T00:00:00.000Z,372,4
UpToNow,שוויץ,כתום,2,48380,174,0.36,2021-12-06T00:00:00.000Z,159,15
UpToNow,איסלנד,כתום,2,7747,50,0.65,2021-12-06T00:00:00.000Z,50,0
UpToNow,איי מרשל,כתום,2,1,0,0,2021-12-06T00:00:00.000Z,0,0
UpToNow,קנדה,כתום,2,22636,38,0.17,2021-12-06T00:00:00.000Z,26,12
UpToNow,קוסובו,כתום,2,91,0,0,2021-12-06T00:00:00.000Z,0,0
UpToNow,גבון,אדום,1,43,0,0,2021-12-06T00:00:00.000Z,0,0
UpToNow,ונואטו,כתום,2,2,0,0,2021-12-06T00:00:00.000Z,0,0
UpToNow,ירדן,כתום,2,40510,200,0.49,2021-12-06T00:00:00.000Z,194,5
UpToNow,ויטנאם,כתום,2,398,0,0,2021-12-06T00:00:00.000Z,0,0
UpToNow,הונג קונג,כתום,2,819,8,0.98,2021-12-06T00:00:00.000Z,2,6
UpToNow,בורונדי,אדום,1,12,0,0,2021-12-06T00:00:00.000Z,0,0
UpToNow,בלגיה,כתום,2,19859,64,0.32,2021-12-06T00:00:00.000Z,51,13
UpToNow,סוריה,כתום,2,502,0,0,2021-12-06T00:00:00.000Z,0,0
UpToNow,אירן,כתום,2,3,0,0,2021-12-06T00:00:00.000Z,0,0
UpToNow,מלדיבים,כתום,2,5942,25,0.42,2021-12-06T00:00:00.000Z,24,0
UpToNow,לאוס,כתום,2,7,0,0,2021-12-06T00:00:00.000Z,0,0
UpToNow,פורטוגל,כתום,2,13902,31,0.22,2021-12-06T00:00:00.000Z,30,1
UpToNow,ניגר,אדום,1,14,0,0,2021-12-06T00:00:00.000Z,0,0
UpToNow,ניקרגואה,כתום,2,36,0,0,2021-12-06T00:00:00.000Z,0,0
UpToNow,מלטה,כתום,2,1609,2,0.12,2021-12-06T00:00:00.000Z,2,0
UpToNow,אקואדור,כתום,2,471,2,0.42,2021-12-06T00:00:00.000Z,2,0
UpToNow,פורטו ריקו,כתום,2,152,0,0,2021-12-06T00:00:00.000Z,0,0
UpToNow,מונגוליה,כתום,2,25,0,0,2021-12-06T00:00:00.000Z,0,0
UpToNow,מוזמביק,אדום,1,115,0,0,2021-12-06T00:00:00.000Z,0,0
UpToNow,טוגו,אדום,1,106,0,0,2021-12-06T00:00:00.000Z,0,0
UpToNow,מאוריציוס,אדום,1,306,1,0.33,2021-12-06T00:00:00.000Z,1,0
UpToNow,בוטן,כתום,2,20,0,0,2021-12-06T00:00:00.000Z,0,0
UpToNow,הונדורס,כתום,2,117,0,0,2021-12-06T00:00:00.000Z,0,0
UpToNow,סט וינסנט,כתום,2,9,1,11.11,2021-12-06T00:00:00.000Z,1,0
UpToNow,קניה,אדום,1,1650,17,1.03,2021-12-06T00:00:00.000Z,15,2
UpToNow,יפן,כתום,2,826,3,0.36,2021-12-06T00:00:00.000Z,3,0
UpToNow,פיליפינים,כתום,2,2019,18,0.89,2021-12-06T00:00:00.000Z,3,15
UpToNow,בהמס,כתום,2,61,0,0,2021-12-06T00:00:00.000Z,0,0
UpToNow,לטביה,כתום,2,2915,3,0.1,2021-12-06T00:00:00.000Z,3,0
UpToNow,בוליביה,כתום,2,114,0,0,2021-12-06T00:00:00.000Z,0,0
UpToNow,טג'יקיסטאן,כתום,2,88,0,0,2021-12-06T00:00:00.000Z,0,0
UpToNow,זימבאבווה,אדום,1,137,0,0,2021-12-06T00:00:00.000Z,0,0
UpToNow,טונגה,כתום,2,4,0,0,2021-12-06T00:00:00.000Z,0,0
UpToNow,ברמודה,כתום,2,6,0,0,2021-12-06T00:00:00.000Z,0,0
UpToNow,מדגסקר,אדום,1,12,1,8.33,2021-12-06T00:00:00.000Z,0,1
UpToNow,סנגל,אדום,1,116,0,0,2021-12-06T00:00:00.000Z,0,0
UpToNow,ספרד,כתום,2,44046,209,0.47,2021-12-06T00:00:00.000Z,204,5
UpToNow,איי פיגי,כתום,2,6,0,0,2021-12-06T00:00:00.000Z,0,0
UpToNow,נאורו,כתום,2,1,0,0,2021-12-06T00:00:00.000Z,0,0
UpToNow,איי הבתולה,כתום,2,9,0,0,2021-12-06T00:00:00.000Z,0,0
UpToNow,גאורגיה,כתום,2,80437,354,0.44,2021-12-06T00:00:00.000Z,347,3
UpToNow,תימן,כתום,2,30,0,0,2021-12-06T00:00:00.000Z,0,0
UpToNow,גמביה,אדום,1,38,0,0,2021-12-06T00:00:00.000Z,0,0
UpToNow,אסטוניה,כתום,2,1023,5,0.49,2021-12-06T00:00:00.000Z,5,0
UpToNow,בחריין,כתום,2,1145,0,0,2021-12-06T00:00:00.000Z,0,0
UpToNow,לוכסמבורג,כתום,2,308,0,0,2021-12-06T00:00:00.000Z,0,0
UpToNow,פקיסטן,כתום,2,5,0,0,2021-12-06T00:00:00.000Z,0,0
UpToNow,אזרביג'אן,כתום,2,6388,48,0.75,2021-12-06T00:00:00.000Z,46,1
UpToNow,צכיה,כתום,2,56214,236,0.42,2021-12-06T00:00:00.000Z,233,3
UpToNow,ניו זילנד,כתום,2,127,1,0.79,2021-12-06T00:00:00.000Z,1,0
UpToNow,אנגולה,אדום,1,395,2,0.51,2021-12-06T00:00:00.000Z,2,0
UpToNow,מונקו,כתום,2,138,5,3.62,2021-12-06T00:00:00.000Z,4,0
UpToNow,ברוניי,כתום,2,1,0,0,2021-12-06T00:00:00.000Z,0,0
UpToNow,מקסיקו,כתום,2,2160,26,1.2,2021-12-06T00:00:00.000Z,23,0
UpToNow,אוסטרליה,כתום,2,1788,3,0.17,2021-12-06T00:00:00.000Z,2,1
UpToNow,אורגוואי,כתום,2,634,3,0.47,2021-12-06T00:00:00.000Z,3,0
UpToNow,סט. לוציה,כתום,2,2,0,0,2021-12-06T00:00:00.000Z,0,0
UpToNow,ליכטנשטיין,כתום,2,2,0,0,2021-12-06T00:00:00.000Z,0,0
UpToNow,אלגיריה,כתום,2,13,0,0,2021-12-06T00:00:00.000Z,0,0
UpToNow,טיוואן,כתום,2,210,0,0,2021-12-06T00:00:00.000Z,0,0
UpToNow,גיברלטר,כתום,2,122,1,0.82,2021-12-06T00:00:00.000Z,1,0
UpToNow,ארמניה,כתום,2,1414,16,1.13,2021-12-06T00:00:00.000Z,16,0
UpToNow,אריתראה,אדום,1,5,0,0,2021-12-06T00:00:00.000Z,0,0
UpToNow,גרמניה,כתום,2,99732,228,0.23,2021-12-06T00:00:00.000Z,215,11
UpToNow,צ'ילה,כתום,2,434,0,0,2021-12-06T00:00:00.000Z,0,0
UpToNow,אוסטריה,כתום,2,82360,259,0.31,2021-12-06T00:00:00.000Z,252,7
UpToNow,קיריבטי,כתום,2,5,0,0,2021-12-06T00:00:00.000Z,0,0
UpToNow,סורינם,כתום,2,7,0,0,2021-12-06T00:00:00.000Z,0,0
UpToNow,גויאנה,כתום,2,20,0,0,2021-12-06T00:00:00.000Z,0,0
UpToNow,דומיניקה,כתום,2,56,0,0,2021-12-06T00:00:00.000Z,0,0
UpToNow,אנגליה,אדום,1,1,0,0,2021-12-06T00:00:00.000Z,0,0
UpToNow,טובלו,כתום,2,7,0,0,2021-12-06T00:00:00.000Z,0,0
UpToNow,אוזבקיסטן,כתום,2,4513,108,2.39,2021-12-06T00:00:00.000Z,44,64
UpToNow,פרו,כתום,2,1094,16,1.46,2021-12-06T00:00:00.000Z,16,0
UpToNow,סלובקיה,כתום,2,1576,4,0.25,2021-12-06T00:00:00.000Z,4,0
UpToNow,גואדאלופ,כתום,2,2,0,0,2021-12-06T00:00:00.000Z,0,0
UpToNow,תאילנד,כתום,2,10810,38,0.35,2021-12-06T00:00:00.000Z,33,5
UpToNow,גאנה,אדום,1,826,7,0.85,2021-12-06T00:00:00.000Z,7,0
UpToNow,אוגנדה,אדום,1,742,6,0.81,2021-12-06T00:00:00.000Z,5,1
UpToNow,קמבודיה,כתום,2,40,1,2.5,2021-12-06T00:00:00.000Z,0,1
UpToNow,קולומביה,כתום,2,1371,7,0.51,2021-12-06T00:00:00.000Z,7,0
UpToNow,הונגריה,כתום,2,69581,305,0.44,2021-12-06T00:00:00.000Z,298,7
UpToNow,מקאו,כתום,2,28,0,0,2021-12-06T00:00:00.000Z,0,0
UpToNow,תורכיה,כתום,2,184506,1646,0.89,2021-12-06T00:00:00.000Z,1616,27
UpToNow,אפגניסטן,כתום,2,13,0,0,2021-12-06T00:00:00.000Z,0,0
UpToNow,פינלנד,כתום,2,3338,8,0.24,2021-12-06T00:00:00.000Z,8,0
UpToNow,מרוקו,כתום,2,8603,62,0.72,2021-12-06T00:00:00.000Z,62,0
UpToNow,סווזילנד,אדום,1,11,0,0,2021-12-06T00:00:00.000Z,0,0
UpToNow,רוסיה,כתום,2,42604,457,1.07,2021-12-06T00:00:00.000Z,389,55
UpToNow,קרואטיה,כתום,2,2824,40,1.42,2021-12-06T00:00:00.000Z,40,0
UpToNow,עירק,כתום,2,122,1,0.82,2021-12-06T00:00:00.000Z,1,0
UpToNow,סרביה,כתום,2,5906,48,0.81,2021-12-06T00:00:00.000Z,48,0
UpToNow,לוב,כתום,2,4,0,0,2021-12-06T00:00:00.000Z,0,0
UpToNow,ארגנטינה,כתום,2,2159,6,0.28,2021-12-06T00:00:00.000Z,2,3
UpToNow,קירג'זסטאן,כתום,2,605,36,5.95,2021-12-06T00:00:00.000Z,36,0
UpToNow,ראוניון,אדום,1,12,0,0,2021-12-06T00:00:00.000Z,0,0
UpToNow,מאוריטניה,אדום,1,1,0,0,2021-12-06T00:00:00.000Z,0,0
UpToNow,בנגלדש,כתום,2,5,0,0,2021-12-06T00:00:00.000Z,0,0
UpToNow,פרגוואי,כתום,2,186,1,0.54,2021-12-06T00:00:00.000Z,1,0
UpToNow,צאד,אדום,1,25,0,0,2021-12-06T00:00:00.000Z,0,0
UpToNow,פלאו,כתום,2,1,0,0,2021-12-06T00:00:00.000Z,0,0
UpToNow,קמרון,אדום,1,131,4,3.05,2021-12-06T00:00:00.000Z,2,1
UpToNow,מצרים,כתום,2,155396,653,0.42,2021-12-06T00:00:00.000Z,644,4
UpToNow,פולין,כתום,2,35731,129,0.36,2021-12-06T00:00:00.000Z,122,6
UpToNow,גווטאמלה,כתום,2,376,13,3.46,2021-12-06T00:00:00.000Z,13,0
UpToNow,איי סיישל,אדום,1,6732,10,0.15,2021-12-06T00:00:00.000Z,4,0
UpToNow,בילורוסיה,כתום,2,10879,95,0.87,2021-12-06T00:00:00.000Z,83,11
UpToNow,יוון,כתום,2,233783,1086,0.46,2021-12-06T00:00:00.000Z,1069,14
UpToNow,ברזיל,כתום,2,2215,10,0.45,2021-12-06T00:00:00.000Z,9,0
UpToNow,איי קומורו,אדום,1,1,0,0,2021-12-06T00:00:00.000Z,0,0
UpToNow,אנדורה,כתום,2,33,0,0,2021-12-06T00:00:00.000Z,0,0
UpToNow,אינדונזיה,כתום,2,76,0,0,2021-12-06T00:00:00.000Z,0,0
UpToNow,נורבגיה,כתום,2,1272,3,0.24,2021-12-06T00:00:00.000Z,3,0
LastMonth,גויאנה הצרפתית,כתום,2,25,0,0,2021-12-06T00:00:00.000Z,0,0
LastMonth,מזרח טימור,כתום,2,1,0,0,2021-12-06T00:00:00.000Z,0,0
LastMonth,הרפ הדומיניקנית,כתום,2,134,0,0,2021-12-06T00:00:00.000Z,0,0
LastMonth,איי טורקס וקייקוס,כתום,2,49,0,0,2021-12-06T00:00:00.000Z,0,0
LastMonth,ערב הסעודית,כתום,2,57,0,0,2021-12-06T00:00:00.000Z,0,0
LastMonth,קוסטה ריקה,כתום,2,180,0,0,2021-12-06T00:00:00.000Z,0,0
LastMonth,אל סלבדור,כתום,2,14,0,0,2021-12-06T00:00:00.000Z,0,0
LastMonth,איחוד האמירויות הערב,כתום,2,27825,23,0.08,2021-12-06T00:00:00.000Z,21,2
LastMonth,האנטילים ההולנדים,כתום,2,8,0,0,2021-12-06T00:00:00.000Z,0,0
LastMonth,דרום סודאן,אדום,1,8,0,0,2021-12-06T00:00:00.000Z,0,0
LastMonth,קלדוניה החדשה,כתום,2,2,0,0,2021-12-06T00:00:00.000Z,0,0
LastMonth,דרום אפריקה,אדום,1,980,15,1.53,2021-12-06T00:00:00.000Z,13,2
LastMonth,קוריאה הדרומית,כתום,2,249,0,0,2021-12-06T00:00:00.000Z,0,0
LastMonth,הונג קונג,כתום,2,317,6,1.89,2021-12-06T00:00:00.000Z,0,6
LastMonth,פורטו ריקו,כתום,2,115,0,0,2021-12-06T00:00:00.000Z,0,0
LastMonth,אנטיגואה וברבודה,כתום,2,1,0,0,2021-12-06T00:00:00.000Z,0,0
LastMonth,מאוריציוס,אדום,1,236,1,0.42,2021-12-06T00:00:00.000Z,1,0
LastMonth,רפ מרכז אפריקנית,אדום,1,2,0,0,2021-12-06T00:00:00.000Z,0,0
LastMonth,פיליפינים,כתום,2,331,0,0,2021-12-06T00:00:00.000Z,0,0
LastMonth,תורכמניסטאן,כתום,2,74,0,0,2021-12-06T00:00:00.000Z,0,0
LastMonth,טג'יקיסטאן,כתום,2,9,0,0,2021-12-06T00:00:00.000Z,0,0
LastMonth,זימבאבווה,אדום,1,25,0,0,2021-12-06T00:00:00.000Z,0,0
LastMonth,הממלכה המאוחדת,כתום,2,27880,66,0.24,2021-12-06T00:00:00.000Z,57,9
LastMonth,בנין (דהומי),אדום,1,5,0,0,2021-12-06T00:00:00.000Z,0,0
LastMonth,איי הבתולה,כתום,2,2,0,0,2021-12-06T00:00:00.000Z,0,0
LastMonth,גינאה המשוונית,אדום,1,10,0,0,2021-12-06T00:00:00.000Z,0,0
LastMonth,פולינזיה הצרפתית,כתום,2,7,0,0,2021-12-06T00:00:00.000Z,0,0
LastMonth,לוכסמבורג,כתום,2,68,0,0,2021-12-06T00:00:00.000Z,0,0
LastMonth,אזרביג'אן,כתום,2,1046,5,0.48,2021-12-06T00:00:00.000Z,5,0
LastMonth,בוסניה הרצגובינה,כתום,2,87,0,0,2021-12-06T00:00:00.000Z,0,0
LastMonth,ניו זילנד,כתום,2,18,0,0,2021-12-06T00:00:00.000Z,0,0
LastMonth,טרינידד וטובגו,כתום,2,2,0,0,2021-12-06T00:00:00.000Z,0,0
LastMonth,סט. לוציה,כתום,2,1,0,0,2021-12-06T00:00:00.000Z,0,0
LastMonth,ליכטנשטיין,כתום,2,1,0,0,2021-12-06T00:00:00.000Z,0,0
LastMonth,אוזבקיסטן,כתום,2,959,3,0.31,2021-12-06T00:00:00.000Z,2,1
LastMonth,איי גילברט ואליס,כתום,2,8,0,0,2021-12-06T00:00:00.000Z,0,0
LastMonth,ארצות הברית,כתום,2,57787,84,0.15,2021-12-06T00:00:00.000Z,75,9
LastMonth,איי קייפ וורדה,אדום,1,1,0,0,2021-12-06T00:00:00.000Z,0,0
LastMonth,קירג'זסטאן,כתום,2,37,3,8.11,2021-12-06T00:00:00.000Z,3,0
LastMonth,מאוריטניה,אדום,1,1,0,0,2021-12-06T00:00:00.000Z,0,0
LastMonth,איי נורפולק,כתום,2,2,0,0,2021-12-06T00:00:00.000Z,0,0
LastMonth,בורקינה פאסו,אדום,1,14,0,0,2021-12-06T00:00:00.000Z,0,0
LastMonth,סיירה ליאונה,אדום,1,5,0,0,2021-12-06T00:00:00.000Z,0,0
LastMonth,איי סיישל,אדום,1,795,0,0,2021-12-06T00:00:00.000Z,0,0
LastMonth,בילורוסיה,כתום,2,1027,3,0.29,2021-12-06T00:00:00.000Z,3,0
LastMonth,אינדונזיה,כתום,2,23,0,0,2021-12-06T00:00:00.000Z,0,0
LastMonth,סרי לנקה (צילון),כתום,2,342,2,0.58,2021-12-06T00:00:00.000Z,0,2
LastMonth,חוף השנהב,אדום,1,50,0,0,2021-12-06T00:00:00.000Z,0,0
month3,גויאנה הצרפתית,כתום,2,51,0,0,2021-12-06T00:00:00.000Z,0,0
month3,הרפ הדומיניקנית,כתום,2,534,4,0.75,2021-12-06T00:00:00.000Z,4,0
month3,איי טורקס וקייקוס,כתום,2,112,0,0,2021-12-06T00:00:00.000Z,0,0
month3,איחוד האמירויות הערב,כתום,2,44602,57,0.13,2021-12-06T00:00:00.000Z,52,5
month3,האנטילים ההולנדים,כתום,2,20,0,0,2021-12-06T00:00:00.000Z,0,0
month3,קלדוניה החדשה,כתום,2,3,0,0,2021-12-06T00:00:00.000Z,0,0
month3,קוריאה הדרומית,כתום,2,607,0,0,2021-12-06T00:00:00.000Z,0,0
month3,אנטיגואה וברבודה,כתום,2,7,0,0,2021-12-06T00:00:00.000Z,0,0
month3,רפ מרכז אפריקנית,אדום,1,4,0,0,2021-12-06T00:00:00.000Z,0,0
month3,מיאנמר (בורמה),כתום,2,8,0,0,2021-12-06T00:00:00.000Z,0,0
month3,הממלכה המאוחדת,כתום,2,66293,196,0.3,2021-12-06T00:00:00.000Z,147,49
month3,איי ווליס ופוטונה,כתום,2,1,0,0,2021-12-06T00:00:00.000Z,0,0
month3,בנין (דהומי),אדום,1,24,0,0,2021-12-06T00:00:00.000Z,0,0
month3,גינאה המשוונית,אדום,1,28,0,0,2021-12-06T00:00:00.000Z,0,0
month3,פולינזיה הצרפתית,כתום,2,24,0,0,2021-12-06T00:00:00.000Z,0,0
month3,בוסניה הרצגובינה,כתום,2,797,8,1,2021-12-06T00:00:00.000Z,8,0
month3,טרינידד וטובגו,כתום,2,7,0,0,2021-12-06T00:00:00.000Z,0,0
month3,סאו טומה ופרינציפה,אדום,1,4,0,0,2021-12-06T00:00:00.000Z,0,0
month3,איי גילברט ואליס,כתום,2,21,0,0,2021-12-06T00:00:00.000Z,0,0
month3,איי קייפ וורדה,אדום,1,5,0,0,2021-12-06T00:00:00.000Z,0,0
month3,בורקינה פאסו,אדום,1,24,0,0,2021-12-06T00:00:00.000Z,0,0
month3,סיירה ליאונה,אדום,1,12,0,0,2021-12-06T00:00:00.000Z,0,0
month3,סרי לנקה (צילון),כתום,2,644,2,0.31,2021-12-06T00:00:00.000Z,0,2
month6,גויאנה הצרפתית,כתום,2,69,1,1.45,2021-12-06T00:00:00.000Z,1,0
month6,הרפ הדומיניקנית,כתום,2,754,5,0.66,2021-12-06T00:00:00.000Z,5,0
month6,איי שלמה הבריטיים,כתום,2,2,0,0,2021-12-06T00:00:00.000Z,0,0
month6,איי טורקס וקייקוס,כתום,2,240,1,0.42,2021-12-06T00:00:00.000Z,1,0
month6,איחוד האמירויות הערב,כתום,2,53613,108,0.2,2021-12-06T00:00:00.000Z,103,5
month6,האנטילים ההולנדים,כתום,2,66,0,0,2021-12-06T00:00:00.000Z,0,0
month6,קלדוניה החדשה,כתום,2,4,0,0,2021-12-06T00:00:00.000Z,0,0
month6,קוריאה הדרומית,כתום,2,999,0,0,2021-12-06T00:00:00.000Z,0,0
month6,אנטיגואה וברבודה,כתום,2,11,0,0,2021-12-06T00:00:00.000Z,0,0
month6,רפ מרכז אפריקנית,אדום,1,15,0,0,2021-12-06T00:00:00.000Z,0,0
month6,מיאנמר (בורמה),כתום,2,13,0,0,2021-12-06T00:00:00.000Z,0,0
month6,הממלכה המאוחדת,כתום,2,102224,512,0.5,2021-12-06T00:00:00.000Z,441,71
month6,איי ווליס ופוטונה,כתום,2,1,0,0,2021-12-06T00:00:00.000Z,0,0
month6,בנין (דהומי),אדום,1,28,0,0,2021-12-06T00:00:00.000Z,0,0
month6,קוריאה הצפונית,כתום,2,5,0,0,2021-12-06T00:00:00.000Z,0,0
month6,גינאה המשוונית,אדום,1,64,0,0,2021-12-06T00:00:00.000Z,0,0
month6,פולינזיה הצרפתית,כתום,2,38,0,0,2021-12-06T00:00:00.000Z,0,0
month6,בוסניה הרצגובינה,כתום,2,1884,24,1.27,2021-12-06T00:00:00.000Z,24,0
month6,טרינידד וטובגו,כתום,2,8,0,0,2021-12-06T00:00:00.000Z,0,0
month6,סאו טומה ופרינציפה,אדום,1,6,0,0,2021-12-06T00:00:00.000Z,0,0
month6,איי גילברט ואליס,כתום,2,49,0,0,2021-12-06T00:00:00.000Z,0,0
month6,איי קייפ וורדה,אדום,1,7,0,0,2021-12-06T00:00:00.000Z,0,0
month6,בורקינה פאסו,אדום,1,46,0,0,2021-12-06T00:00:00.000Z,0,0
month6,סיירה ליאונה,אדום,1,25,0,0,2021-12-06T00:00:00.000Z,0,0
month6,סרי לנקה (צילון),כתום,2,865,4,0.46,2021-12-06T00:00:00.000Z,0,4
year,גויאנה הצרפתית,כתום,2,77,1,1.3,2021-12-06T00:00:00.000Z,1,0
year,הרפ הדומיניקנית,כתום,2,792,5,0.63,2021-12-06T00:00:00.000Z,5,0
year,איי שלמה הבריטיים,כתום,2,2,0,0,2021-12-06T00:00:00.000Z,0,0
year,איי טורקס וקייקוס,כתום,2,246,1,0.41,2021-12-06T00:00:00.000Z,1,0
year,איחוד האמירויות הערב,כתום,2,67435,124,0.18,2021-12-06T00:00:00.000Z,113,5
year,האנטילים ההולנדים,כתום,2,71,0,0,2021-12-06T00:00:00.000Z,0,0
year,קוריאה הדרומית,כתום,2,1123,0,0,2021-12-06T00:00:00.000Z,0,0
year,אנטיגואה וברבודה,כתום,2,13,0,0,2021-12-06T00:00:00.000Z,0,0
year,רפ מרכז אפריקנית,אדום,1,17,0,0,2021-12-06T00:00:00.000Z,0,0
year,מיאנמר (בורמה),כתום,2,13,0,0,2021-12-06T00:00:00.000Z,0,0
year,הממלכה המאוחדת,כתום,2,110616,517,0.47,2021-12-06T00:00:00.000Z,443,71
year,איי ווליס ופוטונה,כתום,2,6,0,0,2021-12-06T00:00:00.000Z,0,0
year,קוריאה הצפונית,כתום,2,5,0,0,2021-12-06T00:00:00.000Z,0,0
year,גינאה המשוונית,אדום,1,72,0,0,2021-12-06T00:00:00.000Z,0,0
year,פולינזיה הצרפתית,כתום,2,39,0,0,2021-12-06T00:00:00.000Z,0,0
year,בוסניה הרצגובינה,כתום,2,1932,24,1.24,2021-12-06T00:00:00.000Z,24,0
year,טרינידד וטובגו,כתום,2,8,0,0,2021-12-06T00:00:00.000Z,0,0
year,סאו טומה ופרינציפה,אדום,1,7,0,0,2021-12-06T00:00:00.000Z,0,0
year,איי גילברט ואליס,כתום,2,49,0,0,2021-12-06T00:00:00.000Z,0,0
year,איי קייפ וורדה,אדום,1,8,0,0,2021-12-06T00:00:00.000Z,0,0
year,סרי לנקה (צילון),כתום,2,904,4,0.44,2021-12-06T00:00:00.000Z,0,4
UpToNow,גויאנה הצרפתית,כתום,2,77,1,1.3,2021-12-06T00:00:00.000Z,1,0
UpToNow,הרפ הדומיניקנית,כתום,2,792,5,0.63,2021-12-06T00:00:00.000Z,5,0
UpToNow,איי שלמה הבריטיים,כתום,2,2,0,0,2021-12-06T00:00:00.000Z,0,0
UpToNow,איי טורקס וקייקוס,כתום,2,246,1,0.41,2021-12-06T00:00:00.000Z,1,0
UpToNow,איחוד האמירויות הערב,כתום,2,67435,124,0.18,2021-12-06T00:00:00.000Z,113,5
UpToNow,האנטילים ההולנדים,כתום,2,71,0,0,2021-12-06T00:00:00.000Z,0,0
UpToNow,איי פאלקלנד,כתום,2,2,0,0,2021-12-06T00:00:00.000Z,0,0
UpToNow,קלדוניה החדשה,כתום,2,5,0,0,2021-12-06T00:00:00.000Z,0,0
UpToNow,דרום אפריקה,אדום,1,3748,29,0.77,2021-12-06T00:00:00.000Z,24,2
UpToNow,קוריאה הדרומית,כתום,2,1123,0,0,2021-12-06T00:00:00.000Z,0,0
UpToNow,אנטיגואה וברבודה,כתום,2,13,0,0,2021-12-06T00:00:00.000Z,0,0
UpToNow,גינאה החדשה,כתום,2,3,0,0,2021-12-06T00:00:00.000Z,0,0
UpToNow,רפ מרכז אפריקנית,אדום,1,17,0,0,2021-12-06T00:00:00.000Z,0,0
UpToNow,מיאנמר (בורמה),כתום,2,13,0,0,2021-12-06T00:00:00.000Z,0,0
UpToNow,תורכמניסטאן,כתום,2,1147,26,2.27,2021-12-06T00:00:00.000Z,26,0
UpToNow,הממלכה המאוחדת,כתום,2,110616,517,0.47,2021-12-06T00:00:00.000Z,443,71
UpToNow,איי ווליס ופוטונה,כתום,2,6,0,0,2021-12-06T00:00:00.000Z,0,0
UpToNow,בנין (דהומי),אדום,1,28,0,0,2021-12-06T00:00:00.000Z,0,0
UpToNow,קוריאה הצפונית,כתום,2,5,0,0,2021-12-06T00:00:00.000Z,0,0
UpToNow,גינאה המשוונית,אדום,1,72,0,0,2021-12-06T00:00:00.000Z,0,0
UpToNow,פולינזיה הצרפתית,כתום,2,39,0,0,2021-12-06T00:00:00.000Z,0,0
UpToNow,בוסניה הרצגובינה,כתום,2,1932,24,1.24,2021-12-06T00:00:00.000Z,24,0
UpToNow,טרינידד וטובגו,כתום,2,8,0,0,2021-12-06T00:00:00.000Z,0,0
UpToNow,סאו טומה ופרינציפה,אדום,1,7,0,0,2021-12-06T00:00:00.000Z,0,0
UpToNow,איי גילברט ואליס,כתום,2,49,0,0,2021-12-06T00:00:00.000Z,0,0
UpToNow,ארצות הברית,כתום,2,391110,1981,0.51,2021-12-06T00:00:00.000Z,1721,243
UpToNow,איי קייפ וורדה,אדום,1,8,0,0,2021-12-06T00:00:00.000Z,0,0
UpToNow,איי נורפולק,כתום,2,7,0,0,2021-12-06T00:00:00.000Z,0,0
UpToNow,בורקינה פאסו,אדום,1,50,0,0,2021-12-06T00:00:00.000Z,0,0
UpToNow,סיירה ליאונה,אדום,1,30,0,0,2021-12-06T00:00:00.000Z,0,0
UpToNow,סרי לנקה (צילון),כתום,2,904,4,0.44,2021-12-06T00:00:00.000Z,0,4
